pheno_1,,0.909556029,1.463594402,0.946452265,1.25358029,1.537567257,0.922725458,0.771587481,1.439963936,1.017033339,1.216693599,-,-,1.14113609,1.077004327,1.228400359,1.338057875,1.237794993,1.305136319,1.337059726,1.222456337,1.35755372,0.908485019,1.0523091,1.010299957,0.87909588,1.309843005,1.111598525,1.180985581,1.583312152,1.165541077,1.162564407,0.825426118,1.230448921,1.092018471,1.042181595,0.996949248,0.976349979,0.914343157,1.11058971,1.213252052
pheno_2,,2.214299315,1.942685025,1.842652916,1.940182667,-,1.974110833,1.86307292,-,1.994855836,1.901741583,-,2.200221026,1.838241283,1.814760187,-,-,1.860224177,-,1.807355726,1.787095457,-,1.828840278,1.959034234,-,-,1.901414726,1.753816611,2.060531644,2.303694885,-,1.850566597,2.111640508,1.920634574,2.256408628,2.112816066,1.896776912,-,2.106245308,-,-
Marker_1_1,1,H,A,A,H,A,H,A,A,H,A,H,A,A,H,A,A,H,A,A,H,H,H,H,A,A,H,H,H,A,H,A,H,A,A,H,A,H,H,A,A
Marker_1_2,1,H,A,A,H,A,H,A,A,H,A,H,A,A,H,A,A,H,A,A,H,A,H,H,A,A,H,H,H,A,H,A,H,A,A,H,A,H,H,A,A
Marker_1_3,1,H,A,A,H,A,H,A,A,H,A,H,A,A,H,A,A,H,A,A,H,A,H,H,A,A,A,H,H,A,H,A,H,A,A,H,A,H,H,A,A
Marker_1_4,1,H,A,A,H,A,H,A,A,H,A,H,A,A,H,A,A,H,A,A,H,A,H,H,A,A,A,H,H,A,H,A,H,A,A,H,A,H,H,A,A
Marker_1_5,1,H,A,A,H,A,H,A,A,H,A,H,A,A,H,A,A,H,A,A,H,A,H,H,A,A,A,H,H,A,H,A,H,A,A,H,A,H,H,H,A
Marker_1_6,1,H,A,A,H,A,H,A,A,H,A,H,A,A,H,A,A,H,A,A,H,A,H,H,A,A,A,H,H,A,H,A,H,A,A,H,A,H,H,H,A
Marker_1_7,1,H,A,A,H,A,H,A,A,H,A,H,A,A,H,A,A,A,A,A,H,A,H,H,A,A,A,H,H,A,H,A,H,A,A,H,A,H,H,H,A
Marker_1_8,1,H,A,A,H,A,H,A,A,H,A,H,A,A,H,A,A,A,A,A,H,A,H,H,A,A,A,H,H,A,H,A,H,A,A,H,A,H,H,H,A
Marker_1_9,1,H,A,A,H,A,H,A,A,H,A,H,A,A,H,A,A,A,A,A,H,A,H,H,A,A,A,H,H,A,H,A,H,A,A,H,A,H,H,H,A
Marker_1_10,1,H,A,A,H,A,H,A,A,H,A,H,A,A,H,A,A,A,A,A,H,A,H,H,A,A,A,H,H,A,H,A,H,A,NA,H,A,H,H,H,A
Marker_1_11,1,H,A,A,H,A,H,A,A,H,A,H,A,A,H,A,A,A,A,A,H,A,H,H,A,A,A,H,H,A,H,A,H,A,NA,H,A,H,H,H,A
Marker_1_12,1,H,A,A,H,H,H,A,A,H,A,H,A,A,H,A,A,A,A,A,H,A,H,H,A,A,A,H,H,A,H,A,H,A,NA,H,A,H,H,H,A
Marker_1_13,1,H,A,A,H,H,H,A,A,H,A,H,A,A,H,A,A,A,A,A,H,A,H,H,A,A,A,H,H,A,H,A,H,A,NA,H,A,H,H,H,A
Marker_1_14,1,H,A,A,H,H,H,A,A,H,A,H,A,A,H,A,A,A,A,A,H,A,H,H,A,A,A,H,H,A,H,A,H,A,NA,H,A,H,H,H,A
Marker_1_15,1,H,A,A,H,H,H,A,A,H,A,H,A,A,H,A,A,A,A,A,H,A,H,H,A,A,A,H,H,A,H,A,H,A,NA,H,A,H,H,H,A
Marker_1_16,1,H,A,A,H,H,H,A,A,H,A,H,A,A,H,A,A,A,A,A,H,A,H,H,A,A,A,H,H,A,H,A,H,A,NA,H,A,H,H,H,A
Marker_1_17,1,H,A,A,A,H,H,A,A,H,A,H,A,A,H,A,A,A,A,A,H,A,H,H,A,A,A,H,H,A,H,A,H,A,NA,H,A,H,H,H,A
Marker_1_18,1,H,A,A,A,H,H,A,A,H,A,H,A,A,H,A,A,A,A,A,H,A,H,H,A,A,A,H,H,A,H,A,H,A,NA,H,A,H,H,H,A
Marker_1_19,1,H,A,A,A,H,H,A,A,H,A,H,A,A,H,A,A,A,A,A,H,A,H,H,A,A,A,H,H,A,H,A,H,A,NA,H,A,H,H,H,A
Marker_1_20,1,H,A,A,A,H,H,A,A,H,A,H,A,A,H,A,A,A,A,A,H,A,H,H,A,A,A,H,H,A,H,A,H,A,NA,H,A,H,H,H,A
Marker_1_21,1,H,A,A,A,H,H,A,A,H,A,H,A,A,H,A,A,A,A,A,H,A,H,H,A,A,A,H,H,A,H,A,H,A,NA,H,A,H,H,H,A
Marker_1_22,1,H,A,A,A,H,H,A,A,H,A,NA,A,A,H,A,A,A,A,A,H,A,H,H,A,A,A,H,H,A,H,A,H,A,NA,H,A,H,H,H,A
Marker_1_23,1,H,A,A,A,H,H,A,A,H,A,NA,A,A,H,A,A,A,A,A,A,A,H,H,A,A,A,H,H,A,H,A,H,A,NA,H,A,H,H,H,A
Marker_1_24,1,H,A,A,A,H,H,A,A,H,A,NA,A,A,H,A,A,A,A,A,A,A,H,H,A,A,A,H,H,A,H,A,H,A,NA,H,A,H,H,H,A
Marker_1_25,1,H,A,A,A,H,H,A,A,H,A,NA,A,A,H,A,A,A,A,A,A,A,H,H,A,A,A,H,H,A,H,A,H,A,NA,H,A,H,H,H,A
Marker_1_26,1,H,A,A,A,H,H,A,A,H,A,NA,A,A,H,A,A,A,A,A,A,A,H,H,A,A,A,H,H,A,H,A,H,A,NA,H,A,H,H,H,A
Marker_1_27,1,H,A,A,A,H,H,A,A,H,A,NA,A,A,H,A,A,A,A,A,A,A,H,A,A,A,A,H,H,A,H,A,H,A,NA,H,A,H,H,H,A
Marker_1_28,1,H,A,A,A,H,H,A,A,H,A,NA,A,A,H,A,A,A,A,A,A,A,H,A,A,A,A,H,H,A,H,A,H,A,NA,H,A,H,H,H,A
Marker_1_29,1,A,A,A,A,H,H,A,A,H,A,NA,A,A,H,A,A,A,A,A,A,A,H,A,A,A,A,H,H,A,H,A,H,A,NA,H,A,H,H,H,A
Marker_1_30,1,A,A,A,A,H,H,A,A,H,A,NA,A,A,H,A,A,A,A,A,A,A,H,A,A,A,A,H,H,A,H,A,H,A,NA,H,A,H,A,H,A
Marker_1_31,1,A,A,A,A,H,H,A,A,H,A,NA,A,A,H,A,A,A,A,A,A,A,H,A,A,A,A,H,H,A,H,A,H,A,NA,H,A,H,A,H,A
Marker_1_32,1,A,A,A,A,H,H,A,A,H,A,NA,A,A,H,A,A,A,A,A,A,A,H,A,A,A,A,H,A,A,H,A,H,A,NA,H,A,H,A,H,A
Marker_1_33,1,A,A,A,A,H,H,A,A,H,A,NA,A,A,H,A,A,A,A,A,A,A,H,A,A,A,A,H,A,A,H,A,H,A,H,H,A,H,A,H,A
Marker_1_34,1,A,A,A,A,H,H,A,A,H,A,NA,A,A,H,A,A,A,A,A,A,A,H,A,A,A,A,H,A,A,H,A,H,A,H,H,A,H,A,H,A
Marker_1_35,1,A,A,A,A,H,H,A,A,H,A,NA,A,A,H,A,A,A,A,A,A,A,H,A,A,A,A,H,A,A,H,A,H,A,H,H,A,H,A,H,A
Marker_1_36,1,A,A,A,A,H,H,A,A,H,A,NA,A,A,H,A,A,A,A,A,A,A,A,A,A,A,A,H,A,A,H,A,H,A,H,H,A,H,A,H,A
Marker_1_37,1,A,A,A,A,H,H,A,A,H,A,NA,A,A,H,A,A,A,A,A,A,A,A,A,A,A,A,H,A,A,H,A,H,A,H,H,A,H,A,H,A
Marker_1_38,1,A,A,A,A,H,H,A,A,H,A,NA,A,A,H,A,A,A,A,A,A,A,A,A,A,A,A,H,A,A,H,A,H,A,H,H,A,H,A,H,A
Marker_1_39,1,A,A,A,A,H,H,A,A,H,A,NA,A,A,H,A,A,A,A,A,A,A,A,A,A,A,A,H,A,A,H,A,H,A,H,H,A,H,H,H,A
Marker_1_40,1,A,A,A,A,H,H,A,A,H,A,NA,A,A,H,A,A,A,A,A,A,A,A,A,A,A,A,H,A,A,H,A,H,A,H,H,A,H,H,H,A
Marker_1_41,1,A,A,A,A,H,H,A,A,H,A,NA,A,A,H,A,A,A,H,A,A,A,A,A,A,A,A,H,A,A,H,A,H,A,H,H,A,H,H,H,A
Marker_1_42,1,A,A,A,A,H,H,A,A,H,A,NA,A,A,H,A,A,A,H,A,A,A,A,A,A,A,A,H,A,A,H,A,H,A,H,H,A,H,H,H,A
Marker_1_43,1,A,A,A,A,H,H,A,A,H,A,NA,A,A,H,A,A,A,H,A,A,A,A,H,A,A,A,H,A,A,H,A,H,A,H,H,A,H,H,H,A
Marker_1_44,1,A,A,A,A,H,H,A,A,H,A,NA,A,A,H,A,A,A,H,A,A,A,A,H,A,A,A,H,A,A,H,A,H,A,H,H,A,H,H,H,A
Marker_1_45,1,A,H,A,A,H,H,A,A,H,A,H,H,A,H,A,A,A,H,A,A,A,A,H,A,A,A,H,A,A,H,A,H,A,H,H,A,H,H,H,A
Marker_1_46,1,A,H,A,A,H,H,A,A,H,A,H,H,A,H,A,A,A,H,A,A,A,A,H,A,A,A,H,A,A,H,A,H,A,H,H,A,H,H,H,A
Marker_1_47,1,A,H,A,A,H,H,A,A,H,A,H,H,A,H,A,H,A,H,A,A,A,A,H,A,A,A,H,A,A,H,A,H,A,H,H,A,H,H,H,A
Marker_1_48,1,A,H,A,A,H,H,A,A,H,A,H,H,A,H,A,H,A,H,A,A,A,A,H,A,A,A,H,A,A,H,A,H,A,H,H,A,H,H,H,A
Marker_1_49,1,A,H,A,A,H,H,A,A,H,A,H,H,A,H,A,H,A,H,A,A,A,A,H,A,A,A,H,A,A,H,A,H,A,H,H,A,H,H,H,A
Marker_1_50,1,A,H,A,A,H,H,A,A,H,A,H,H,A,H,A,H,A,H,A,A,A,A,H,A,A,A,H,A,A,H,A,H,A,H,H,A,H,H,H,A
Marker_1_51,1,A,H,A,A,H,H,A,A,H,A,H,H,A,H,A,H,A,H,A,A,A,A,H,A,A,A,H,A,A,H,A,H,A,H,H,A,H,H,H,A
Marker_1_52,1,A,H,A,A,H,H,A,A,H,A,H,H,A,H,A,H,A,H,A,A,A,A,H,A,A,A,H,A,A,H,A,H,A,H,H,A,H,H,H,A
Marker_1_53,1,A,H,A,A,H,H,A,A,H,A,H,H,A,H,A,H,A,H,A,A,A,A,H,A,A,A,H,A,A,H,A,H,A,H,H,A,H,H,H,A
Marker_1_54,1,A,H,A,A,H,H,A,A,H,A,H,H,A,H,H,H,A,H,A,A,A,A,H,A,A,A,H,A,A,H,A,H,A,H,H,A,H,H,H,A
Marker_1_55,1,A,H,A,A,H,H,A,A,H,A,H,H,A,H,H,H,A,H,A,A,A,A,H,A,A,A,H,A,A,H,A,H,A,H,H,A,H,H,H,A
Marker_1_56,1,A,H,A,A,H,H,A,A,H,A,H,H,A,H,H,H,A,H,A,A,A,A,H,A,A,A,H,A,A,H,H,H,A,H,H,A,H,H,H,A
Marker_1_57,1,A,H,A,A,H,H,A,A,H,A,H,H,A,H,H,H,A,H,A,A,A,A,H,A,A,A,H,A,A,H,H,H,A,H,H,A,H,H,H,A
Marker_1_58,1,A,H,A,A,H,H,A,H,H,A,H,H,A,H,H,H,A,H,A,A,A,A,H,A,A,A,H,A,A,H,H,H,A,H,H,A,H,H,H,A
Marker_1_59,1,A,H,A,A,H,H,A,H,H,A,H,H,A,H,H,H,A,H,A,A,A,A,H,A,A,A,H,A,A,H,H,H,A,H,H,A,H,H,H,A
Marker_1_60,1,A,H,A,A,H,H,A,H,H,A,H,H,A,H,H,H,A,H,A,A,A,A,H,A,A,A,H,A,A,H,H,H,A,H,H,A,H,H,H,A
Marker_1_61,1,A,H,A,A,H,H,A,H,H,A,H,H,A,H,H,H,A,H,A,A,A,A,H,A,A,A,H,A,A,H,H,H,A,H,H,A,H,H,H,A
Marker_1_62,1,A,H,A,A,H,H,A,H,H,A,H,H,A,H,H,H,A,H,A,A,A,A,H,A,A,A,H,A,A,H,H,H,A,H,H,A,H,H,H,A
Marker_1_63,1,A,H,A,A,H,H,A,H,H,A,H,H,A,H,H,H,A,H,A,A,A,A,H,A,A,A,H,A,A,H,H,H,A,H,H,A,H,H,H,A
Marker_1_64,1,A,H,A,A,H,H,A,H,H,A,H,H,A,H,H,H,A,H,A,A,A,A,H,A,A,A,H,A,A,H,H,H,A,H,H,A,H,H,H,A
Marker_1_65,1,A,H,A,A,H,H,A,H,H,A,H,H,A,H,H,H,A,H,A,A,H,A,H,A,A,A,H,A,A,H,H,H,A,H,H,A,H,H,H,A
Marker_1_66,1,A,H,A,A,H,H,A,H,H,A,H,H,A,H,H,H,A,H,A,A,H,A,H,A,A,A,H,A,A,NA,H,H,A,H,H,A,H,H,H,A
Marker_1_67,1,A,H,A,A,H,H,A,H,H,A,H,H,A,H,H,NA,A,H,A,A,H,A,H,A,A,A,H,A,A,NA,H,H,A,H,H,A,H,H,H,A
Marker_1_68,1,A,H,A,A,H,H,A,H,H,A,H,H,A,H,H,NA,A,H,A,A,H,A,H,A,A,A,H,A,A,NA,H,H,A,H,H,A,H,H,H,A
Marker_1_69,1,A,H,A,A,H,H,A,H,H,A,H,H,A,H,H,NA,A,H,A,A,H,A,H,A,A,A,H,A,A,NA,H,H,A,H,H,A,H,H,H,A
Marker_1_70,1,A,H,A,A,H,H,A,H,H,A,H,H,A,H,H,NA,A,H,A,A,H,A,H,A,A,A,H,A,A,NA,H,H,A,H,H,A,H,H,H,A
Marker_1_71,1,A,H,A,A,H,H,A,H,H,A,H,H,A,H,H,NA,A,H,A,A,H,A,H,A,A,A,H,A,A,NA,H,H,A,H,H,A,H,H,H,A
Marker_1_72,1,A,H,A,A,H,H,A,H,H,A,H,H,A,H,H,NA,A,H,A,A,H,A,H,A,A,A,H,A,A,NA,H,H,A,H,H,A,H,H,H,A
Marker_1_73,1,A,H,A,A,H,H,A,H,H,A,H,H,A,H,H,NA,A,H,NA,A,H,A,H,A,A,A,H,A,A,NA,H,H,A,H,H,A,H,H,H,A
Marker_1_74,1,H,H,A,A,H,H,A,H,H,A,H,H,A,H,H,NA,A,H,NA,A,H,A,H,A,A,A,H,A,A,NA,H,H,A,H,H,A,H,H,H,A
Marker_1_75,1,H,H,A,A,H,H,A,H,H,A,H,H,A,H,H,NA,A,H,H,A,H,A,H,A,A,A,H,A,A,NA,H,H,A,H,H,A,H,H,H,A
Marker_1_76,1,H,H,A,A,H,H,A,H,H,A,H,H,A,H,H,NA,A,H,H,A,H,A,H,A,A,A,H,A,A,NA,H,H,A,H,H,A,H,H,H,A
Marker_1_77,1,H,H,A,A,H,H,A,H,H,A,H,H,A,H,H,NA,A,H,H,A,H,A,H,A,A,A,H,A,A,NA,H,H,A,H,H,A,H,H,H,A
Marker_1_78,1,H,H,A,A,H,H,A,H,H,A,H,H,A,H,H,NA,A,H,H,A,H,A,H,A,A,A,H,A,A,NA,H,H,A,H,H,A,H,H,H,H
Marker_1_79,1,H,H,A,A,H,H,A,H,H,A,H,H,A,H,H,NA,A,H,H,A,H,A,H,A,A,A,H,A,A,NA,H,H,A,H,H,A,H,H,H,H
Marker_1_80,1,H,H,A,A,H,H,A,H,H,A,H,H,A,H,H,NA,A,H,H,A,H,A,H,A,A,A,H,A,A,NA,H,H,A,H,H,A,H,H,H,H
Marker_1_81,1,H,H,A,A,H,H,A,H,H,A,H,H,A,H,H,NA,A,H,H,A,H,A,H,A,A,A,H,A,A,NA,H,H,A,H,H,A,H,H,H,H
Marker_1_82,1,H,H,A,A,H,H,A,H,H,A,H,H,A,H,H,NA,A,H,H,A,H,A,H,A,A,A,H,A,A,NA,H,H,A,H,H,NA,H,H,H,H
Marker_1_83,1,H,H,A,A,H,H,A,H,H,A,H,H,A,H,H,NA,A,H,H,A,H,A,H,A,A,A,H,A,A,NA,H,H,A,H,H,A,H,H,H,H
Marker_1_84,1,H,H,A,A,H,H,A,H,H,A,H,H,A,H,H,NA,A,H,H,A,H,A,H,A,A,A,H,A,A,NA,H,H,A,H,H,NA,H,H,H,H
Marker_1_85,1,H,H,A,A,H,H,A,H,H,A,H,H,A,H,H,NA,A,H,H,A,H,A,H,A,A,A,H,A,A,NA,H,H,A,H,H,A,H,H,H,H
Marker_1_86,1,H,H,A,A,H,H,A,H,H,A,H,H,A,H,H,NA,A,H,H,A,H,A,H,A,A,A,H,A,A,NA,H,H,A,H,H,A,H,H,H,H
Marker_1_87,1,H,H,A,A,H,H,A,H,H,A,H,H,A,H,H,NA,A,H,H,A,H,A,H,A,A,A,H,A,A,NA,H,H,A,H,H,A,H,H,H,H
Marker_1_88,1,H,H,A,A,H,H,A,H,H,A,H,H,A,H,H,NA,A,H,H,A,H,A,H,A,A,A,H,A,A,NA,H,H,A,H,H,A,H,H,H,H
Marker_1_89,1,H,H,A,A,H,H,A,H,H,A,H,H,A,H,H,NA,A,H,H,A,H,A,H,A,A,A,H,A,A,NA,H,H,A,H,H,A,H,H,H,H
Marker_1_90,1,H,H,A,A,H,A,A,H,H,A,H,H,A,H,H,NA,A,H,H,A,H,A,H,A,A,A,H,A,A,NA,H,H,A,H,H,A,H,H,H,H
Marker_1_91,1,H,H,A,A,H,A,A,H,H,A,H,H,A,H,H,NA,A,H,H,A,H,A,H,A,A,A,H,A,A,NA,H,H,A,H,H,A,H,H,H,H
Marker_1_92,1,H,H,A,A,H,A,A,H,H,A,H,H,A,H,H,NA,A,H,H,A,H,A,H,A,A,A,H,A,A,A,H,H,A,H,H,A,H,H,H,H
Marker_1_93,1,H,H,A,A,H,A,A,H,H,A,H,H,A,H,H,NA,A,H,H,A,H,A,H,A,A,A,H,A,A,A,H,H,A,H,H,A,H,H,H,H
Marker_1_94,1,H,H,A,A,H,A,A,H,H,A,H,H,A,H,H,H,A,H,H,A,H,A,H,A,A,A,H,A,A,A,H,H,A,H,H,A,H,H,H,H
Marker_1_95,1,H,H,A,A,H,A,A,H,H,A,H,H,A,H,H,H,A,H,H,A,H,A,H,A,A,A,H,A,A,A,H,H,A,H,H,A,H,H,H,H
Marker_1_96,1,H,H,A,A,H,A,A,H,H,A,H,H,A,H,H,H,A,H,H,A,H,A,H,A,A,A,H,A,A,A,H,H,A,H,H,A,H,H,H,H
Marker_1_97,1,H,H,A,A,H,A,A,H,H,A,H,H,A,H,H,H,A,H,H,A,H,A,H,H,A,A,H,A,A,A,H,H,A,H,H,A,H,H,H,H
Marker_1_98,1,H,H,A,A,H,A,A,H,H,A,H,H,A,H,H,H,A,H,H,A,H,A,H,H,A,A,H,A,A,A,H,H,A,H,H,A,H,H,H,H
Marker_1_99,1,H,H,A,A,H,A,A,H,H,A,H,H,A,H,H,H,A,H,H,A,H,A,H,H,A,A,A,A,A,A,H,H,A,H,H,A,H,H,H,H
Marker_1_100,1,H,H,A,A,H,A,A,H,H,A,H,H,A,H,H,H,A,H,H,A,H,A,H,H,A,A,A,A,A,A,H,H,A,H,H,A,H,H,H,H
Marker_1_101,1,H,H,A,A,H,A,A,H,H,A,H,H,A,H,H,H,A,H,H,A,H,A,H,H,A,A,A,A,A,A,H,H,A,H,H,A,H,H,H,H
Marker_1_102,1,H,H,A,A,H,A,A,H,H,A,H,H,A,H,H,H,A,H,H,A,H,A,H,H,A,A,A,A,A,A,H,H,A,H,H,A,H,H,H,H
Marker_1_103,1,H,H,A,A,H,A,A,H,H,A,H,H,A,H,H,H,A,H,H,A,H,A,H,H,A,A,A,A,A,A,H,H,A,H,H,A,H,H,H,H
Marker_1_104,1,H,H,A,A,H,A,A,H,H,A,H,H,A,H,H,H,A,H,H,A,H,A,H,H,A,A,A,A,A,A,H,H,A,H,H,A,H,H,H,H
Marker_1_105,1,H,H,A,A,H,A,A,H,H,A,H,H,A,H,H,H,A,H,H,A,H,A,H,H,A,A,A,A,A,A,H,H,A,H,H,A,H,H,H,H
Marker_1_106,1,H,H,A,A,H,A,A,H,H,A,H,H,A,H,H,H,A,H,H,A,H,A,H,H,A,A,A,A,A,A,H,H,A,H,H,A,H,H,H,H
Marker_1_107,1,H,H,A,A,H,A,A,H,H,A,H,H,A,H,H,H,A,H,H,A,H,A,H,H,A,A,A,A,A,A,H,H,A,H,H,A,H,H,H,H
Marker_1_108,1,H,H,A,A,A,A,A,H,H,A,H,H,A,H,H,H,A,H,H,A,H,A,H,H,A,A,A,A,A,A,H,H,A,H,H,A,H,H,H,H
Marker_1_109,1,H,H,A,A,A,A,A,H,H,A,H,H,A,H,H,H,A,H,H,A,H,A,H,H,A,A,A,A,A,A,H,H,A,H,H,A,H,H,H,H
Marker_1_110,1,H,H,A,A,A,A,A,H,H,A,H,H,A,H,H,H,A,H,H,A,H,A,A,H,A,A,A,A,A,A,H,H,A,H,H,A,H,H,H,H
Marker_1_111,1,H,H,A,A,A,A,A,H,H,A,H,H,A,H,H,H,A,H,H,A,H,A,A,H,A,A,A,A,A,A,H,H,A,H,H,A,H,H,H,H
Marker_1_112,1,H,H,A,A,A,A,A,H,H,A,H,H,A,H,H,H,A,H,H,A,H,A,A,H,A,A,A,A,A,A,H,H,A,H,H,A,H,H,H,H
Marker_1_113,1,H,H,A,A,A,A,A,H,H,A,H,H,A,H,H,H,A,A,H,A,H,A,A,H,A,A,A,A,A,A,H,H,A,H,H,A,H,H,H,H
Marker_1_114,1,H,H,A,A,A,A,A,H,H,A,H,H,A,H,H,H,A,A,H,A,A,A,A,H,A,A,A,A,A,A,H,H,A,H,H,H,H,H,H,H
Marker_1_115,1,H,H,A,A,A,A,A,H,H,A,H,H,A,H,H,H,A,A,H,A,A,A,A,H,A,A,A,A,A,A,H,H,A,H,H,H,H,H,H,H
Marker_1_116,1,H,H,A,A,A,A,A,H,H,A,H,H,A,H,H,H,A,A,H,A,A,A,A,H,A,A,A,A,A,A,H,H,A,H,H,H,H,H,H,H
Marker_1_117,1,H,H,A,A,A,A,A,H,H,A,A,H,A,H,H,H,A,A,H,A,A,A,A,H,A,A,A,A,A,A,H,H,A,H,H,H,H,H,H,H
Marker_1_118,1,H,H,A,A,A,A,A,H,H,A,A,H,A,H,H,H,A,A,H,A,A,A,A,H,A,A,A,A,A,A,H,H,A,H,H,H,H,H,H,H
Marker_1_119,1,H,H,A,A,A,A,H,H,H,A,A,H,A,H,H,H,A,A,H,A,A,A,A,H,A,A,A,A,A,A,H,H,A,H,H,H,H,H,H,H
Marker_1_120,1,H,H,A,A,A,A,H,A,H,A,A,H,A,H,H,H,A,A,H,A,A,A,A,H,A,A,A,A,A,A,H,H,A,H,H,H,H,H,H,H
Marker_1_121,1,H,H,A,A,A,A,H,A,H,A,A,H,A,H,H,H,A,A,H,A,A,A,H,H,A,A,A,A,A,A,H,H,A,H,H,H,H,H,H,H
Marker_1_122,1,H,H,A,A,A,A,H,A,H,A,A,H,A,H,H,H,A,A,H,A,A,A,H,H,A,A,A,A,A,A,H,H,A,H,H,H,H,H,H,H
Marker_1_123,1,H,H,A,A,A,A,H,A,H,A,H,H,A,H,H,H,A,A,H,A,A,A,H,H,A,A,A,A,A,A,H,H,A,H,H,H,H,H,H,H
Marker_1_124,1,H,H,A,A,A,A,H,A,H,A,H,H,A,H,H,A,A,A,H,A,A,A,H,H,A,A,A,A,A,A,H,H,A,H,H,H,H,H,H,H
Marker_1_125,1,H,H,A,A,A,A,H,A,H,A,H,H,A,H,H,A,A,A,H,A,A,A,H,H,A,A,A,A,A,A,H,H,A,H,H,H,H,H,H,H
Marker_1_126,1,H,H,A,A,A,A,H,A,H,A,H,H,A,H,H,A,A,A,H,A,A,A,H,H,A,A,A,A,A,A,H,A,A,H,H,H,H,H,H,H
Marker_1_127,1,H,H,A,A,A,A,H,A,H,A,H,H,A,H,H,A,A,A,H,A,A,A,H,H,A,A,A,A,A,A,H,A,A,H,H,H,H,H,H,H
Marker_1_128,1,H,H,A,A,A,A,H,A,H,A,H,H,A,H,H,A,A,A,H,A,A,A,H,H,A,A,A,A,A,A,A,A,A,H,H,H,H,H,H,H
Marker_1_129,1,H,H,A,A,A,A,H,A,H,A,H,H,A,H,H,A,A,A,H,A,A,A,H,H,A,A,A,A,A,A,A,A,A,H,H,H,H,H,H,H
Marker_1_130,1,H,H,A,A,A,A,H,A,H,A,H,H,A,H,H,H,A,A,H,A,A,A,H,H,A,A,A,A,A,A,A,A,A,H,H,H,H,H,H,H
Marker_1_131,1,H,H,A,A,A,A,H,A,H,A,H,H,A,H,H,H,A,A,H,A,A,A,H,H,A,A,A,A,A,A,A,A,A,H,H,H,H,H,H,H
Marker_1_132,1,H,H,A,A,A,A,H,A,H,A,H,H,A,H,H,H,A,A,H,A,A,A,H,H,A,A,A,A,A,A,A,A,A,H,H,H,H,H,H,H
Marker_1_133,1,H,H,A,A,A,A,H,A,H,A,H,H,A,H,H,H,A,A,H,A,A,A,H,H,A,A,A,A,A,A,A,A,A,H,H,H,H,H,H,H
Marker_1_134,1,H,H,A,A,A,A,H,A,H,A,H,H,A,H,H,H,A,A,H,A,A,A,H,H,A,A,A,A,A,A,A,A,A,H,H,H,H,H,H,H
Marker_1_135,1,H,H,A,A,A,A,H,A,H,A,H,H,A,H,H,H,A,A,H,A,A,A,H,H,A,A,A,A,A,A,A,A,A,H,H,H,H,H,H,H
Marker_1_136,1,H,H,A,A,A,A,H,A,H,A,H,H,A,H,H,H,A,A,H,A,A,A,H,H,A,A,A,A,A,A,A,A,A,H,H,H,H,H,H,H
Marker_1_137,1,H,H,A,A,A,A,H,A,H,A,H,H,A,H,H,H,A,A,H,A,A,A,H,H,A,A,A,A,A,A,A,A,A,H,H,H,H,H,H,H
Marker_1_138,1,H,H,A,A,A,A,H,A,H,A,H,H,A,H,H,H,A,A,H,A,A,A,H,H,A,A,A,A,A,A,A,A,A,H,H,H,H,H,H,H
Marker_1_139,1,H,H,A,A,A,A,H,A,H,A,H,H,A,H,H,H,A,A,H,A,A,A,H,H,A,A,A,A,A,A,A,A,A,H,H,H,H,H,H,H
Marker_1_140,1,H,H,A,H,A,A,H,A,H,A,H,H,A,H,H,H,A,A,H,A,A,A,H,NA,A,A,A,A,A,A,A,A,A,H,H,H,H,H,H,H
Marker_1_141,1,H,H,A,H,A,A,H,A,H,A,H,H,A,H,H,H,A,A,H,A,A,A,H,NA,A,A,A,A,A,A,H,A,A,H,H,H,H,H,H,H
Marker_1_142,1,H,H,A,H,A,A,H,A,H,A,H,H,A,H,H,H,A,A,H,A,A,A,H,NA,A,A,A,A,A,A,H,A,A,H,H,H,H,H,H,A
Marker_1_143,1,H,H,A,H,A,A,H,A,H,A,H,H,A,H,H,H,A,A,H,A,A,A,H,NA,A,A,A,A,A,A,H,A,A,H,H,H,H,H,H,A
Marker_1_144,1,H,H,A,H,A,A,H,A,H,A,H,H,A,H,H,H,A,A,H,A,A,A,H,NA,A,A,A,A,A,A,H,A,A,H,H,H,H,H,H,A
Marker_1_145,1,H,H,A,H,A,A,H,A,H,A,H,H,A,H,H,H,A,A,H,A,A,A,H,NA,A,A,A,A,A,A,H,A,A,H,H,H,H,H,H,A
Marker_1_146,1,H,H,A,H,A,A,H,A,H,A,H,H,A,H,H,H,A,A,H,A,A,A,H,NA,A,A,A,A,A,A,H,A,A,H,H,H,H,H,H,A
Marker_1_147,1,H,H,A,H,A,A,H,A,H,A,A,A,A,H,H,H,A,A,H,A,A,A,H,NA,A,A,A,A,A,A,H,A,A,H,H,H,H,H,H,A
Marker_1_148,1,H,H,A,H,A,A,H,A,H,A,A,A,A,H,H,H,A,A,H,A,A,A,H,NA,A,A,A,A,A,A,H,A,A,H,H,H,H,H,H,A
Marker_1_149,1,H,H,A,H,A,A,H,A,H,A,A,A,A,H,H,H,A,A,H,A,A,A,H,H,A,A,A,A,A,A,H,A,A,H,H,H,H,H,H,A
Marker_1_150,1,H,H,A,H,A,A,H,A,H,A,A,A,A,H,H,H,A,A,H,A,A,A,H,H,A,A,A,A,A,A,H,A,A,H,H,H,H,H,H,A
Marker_1_151,1,H,H,A,H,A,A,H,A,H,A,A,A,A,H,H,H,A,A,H,A,A,A,H,H,A,A,A,A,A,A,H,A,A,H,H,H,H,H,H,A
Marker_1_152,1,H,H,A,H,A,A,H,A,H,A,A,A,A,H,H,H,A,A,H,A,A,A,H,H,A,A,A,A,A,A,A,A,A,H,H,H,H,H,H,A
Marker_1_153,1,A,H,A,H,A,A,H,A,H,A,A,A,A,H,H,H,A,A,H,A,A,A,H,H,A,A,A,A,A,A,A,A,A,H,H,H,H,A,H,A
Marker_1_154,1,A,H,A,H,A,A,H,A,H,A,A,A,A,H,H,H,A,A,H,A,A,A,H,H,A,A,A,A,A,A,A,A,A,H,H,H,H,A,H,A
Marker_1_155,1,A,H,A,H,A,A,H,A,H,A,A,A,A,H,H,H,A,A,H,A,A,A,H,H,A,A,A,A,A,A,A,A,A,H,H,H,H,A,H,A
Marker_1_156,1,A,H,A,H,A,A,H,A,H,A,A,A,A,H,H,H,A,A,H,A,A,A,H,H,A,A,A,A,A,A,A,A,A,H,H,H,H,A,H,A
Marker_1_157,1,A,H,A,H,A,A,H,A,H,A,A,A,A,H,H,H,A,A,H,A,A,A,H,H,A,A,A,A,A,A,A,A,A,H,H,H,H,A,H,A
Marker_1_158,1,A,H,A,H,A,A,H,A,H,A,A,A,A,H,H,H,A,A,H,A,A,A,H,H,H,A,A,A,A,A,A,A,A,H,H,H,H,A,H,A
Marker_1_159,1,A,H,A,H,A,A,H,A,H,A,A,A,A,H,H,H,A,A,H,A,A,A,H,H,H,A,A,A,A,A,A,A,A,H,H,H,H,A,H,A
Marker_1_160,1,A,H,H,H,A,A,H,A,H,A,A,A,A,H,H,H,A,A,H,A,A,A,H,H,H,A,A,A,A,A,A,A,A,H,H,H,H,A,H,A
Marker_1_161,1,A,H,H,H,A,A,H,A,H,A,A,A,A,H,H,H,A,A,H,A,A,A,H,H,H,A,A,A,A,A,A,A,A,H,H,H,H,A,H,A
Marker_1_162,1,A,H,H,H,A,A,H,A,H,A,A,A,A,H,H,H,A,A,H,A,A,A,NA,H,H,A,A,A,A,A,A,A,A,H,H,H,H,A,H,A
Marker_1_163,1,H,H,H,H,A,A,H,A,H,A,A,A,A,H,H,H,A,A,H,A,A,A,NA,H,H,A,A,A,A,A,A,A,A,H,H,H,H,A,H,A
Marker_1_164,1,H,H,H,H,A,A,H,A,H,A,A,A,A,H,H,H,A,A,H,A,A,A,NA,H,H,A,A,A,A,A,A,A,A,H,H,H,H,H,H,A
Marker_1_165,1,H,H,H,H,A,A,H,A,H,A,A,A,A,H,H,H,A,A,H,A,A,A,NA,H,H,A,A,A,A,A,A,A,A,H,H,H,H,H,H,A
Marker_1_166,1,H,H,H,H,A,A,H,A,H,A,A,A,A,H,H,H,A,A,H,A,A,A,NA,H,A,A,A,A,A,A,A,A,A,H,H,H,H,H,H,A
Marker_1_167,1,H,H,H,H,A,A,H,A,H,A,A,A,A,H,H,H,A,A,H,A,A,A,NA,H,A,A,A,A,A,A,A,A,A,H,H,H,H,H,H,A
Marker_1_168,1,H,H,H,H,A,A,H,A,H,A,A,A,A,H,H,H,A,A,H,A,A,A,NA,H,A,A,A,A,A,A,A,A,A,H,H,H,H,H,H,A
Marker_1_169,1,H,H,H,A,A,A,H,A,H,A,A,A,A,H,H,H,A,A,H,A,A,A,NA,H,A,A,A,A,A,A,A,A,A,H,H,H,H,H,H,A
Marker_1_170,1,H,H,H,A,A,A,H,A,H,A,A,A,A,H,H,H,A,A,H,A,A,A,H,H,A,A,A,A,A,A,A,A,A,H,H,H,H,H,H,A
Marker_1_171,1,H,H,H,A,A,A,H,A,H,A,A,A,A,H,H,H,A,A,H,A,A,A,H,H,A,A,A,A,A,A,A,A,A,H,H,H,H,H,H,A
Marker_1_172,1,H,H,H,A,A,A,H,A,H,A,A,A,A,H,H,H,A,A,H,A,A,A,H,H,A,A,A,A,A,A,A,A,A,H,H,H,H,H,H,A
Marker_1_173,1,H,H,H,A,A,A,H,A,H,A,A,A,A,H,H,H,A,A,H,A,A,A,H,H,A,A,A,A,A,A,A,A,H,H,H,H,H,H,H,A
Marker_1_174,1,H,H,H,A,A,A,H,A,H,A,A,A,A,H,H,H,A,A,H,A,A,A,H,H,A,A,A,A,A,A,A,A,H,H,H,H,H,H,H,A
Marker_1_175,1,H,H,H,A,A,A,H,A,H,A,A,A,A,H,H,H,A,A,H,A,A,A,H,H,A,A,A,A,A,A,A,A,H,H,H,A,H,H,H,A
Marker_1_176,1,H,H,H,A,A,A,H,A,H,A,A,A,A,H,H,H,A,A,H,A,A,A,H,H,A,A,A,A,A,A,A,A,H,H,H,A,H,H,H,A
Marker_1_177,1,H,H,H,A,A,A,H,A,H,A,A,A,A,H,H,H,A,A,H,A,A,A,H,H,A,A,A,A,A,A,A,A,H,H,A,A,H,H,H,A
Marker_1_178,1,H,H,H,A,A,A,H,A,H,A,A,A,A,H,H,H,A,A,H,A,A,A,H,H,A,A,A,A,A,A,A,A,H,H,A,A,H,H,H,A
Marker_1_179,1,H,H,H,A,A,A,H,A,H,A,A,A,A,H,H,H,A,A,H,A,A,A,H,H,A,A,A,A,A,A,A,A,H,H,A,A,H,H,H,A
Marker_1_180,1,H,H,H,A,A,A,H,A,H,A,A,A,A,H,H,H,A,A,H,A,A,A,H,H,A,A,A,A,A,A,A,A,H,H,A,A,H,H,H,A
Marker_1_181,1,H,H,H,H,A,A,H,A,H,A,A,A,A,H,H,H,A,A,H,A,A,A,H,H,A,A,A,A,A,A,A,A,H,H,A,A,H,H,H,A
Marker_1_182,1,H,H,H,H,A,A,H,A,H,A,A,A,A,H,H,H,A,A,H,A,A,A,H,H,A,A,A,A,A,A,A,A,H,H,A,A,H,H,H,A
Marker_1_183,1,H,H,H,H,A,A,H,A,H,A,A,A,A,H,H,H,A,A,H,A,A,A,H,H,A,A,A,A,A,A,A,A,H,H,A,A,H,H,H,A
Marker_1_184,1,H,H,H,H,A,A,H,A,H,A,A,A,A,H,H,H,A,A,H,A,A,A,H,H,A,A,A,A,A,A,A,A,H,H,A,A,H,H,H,A
Marker_1_185,1,H,A,H,H,A,A,H,A,H,A,A,A,A,H,H,H,A,A,H,A,A,A,H,H,A,A,A,A,A,A,A,A,H,H,A,A,H,H,H,A
Marker_1_186,1,H,A,H,A,A,A,H,A,H,A,A,A,A,H,H,H,A,A,H,A,A,A,H,H,A,A,A,A,A,A,A,A,H,H,A,A,H,H,H,A
Marker_1_187,1,H,A,H,A,A,A,H,A,H,A,A,A,A,H,H,H,A,A,H,H,A,A,H,H,A,A,A,A,A,A,A,A,H,H,A,A,H,H,H,A
Marker_1_188,1,H,A,H,A,A,A,H,A,H,A,A,A,A,H,H,H,A,A,H,H,A,A,H,H,A,A,A,A,A,A,A,A,H,H,A,A,H,H,H,A
Marker_1_189,1,H,A,H,A,A,A,H,A,H,A,A,A,A,H,H,H,A,A,H,H,A,A,H,H,A,A,A,A,A,A,A,A,H,H,A,A,H,H,H,A
Marker_1_190,1,H,NA,H,A,A,A,H,A,H,A,A,A,A,H,H,H,A,A,H,H,A,A,H,H,A,A,A,A,A,A,A,A,H,H,A,A,H,H,H,A
Marker_1_191,1,H,NA,H,A,A,A,H,A,H,A,A,A,A,H,H,H,A,A,H,H,A,A,H,H,A,A,A,A,A,A,A,A,H,H,A,A,H,H,H,A
Marker_1_192,1,H,NA,H,A,A,A,H,A,H,A,A,A,A,H,H,H,A,A,H,A,A,A,H,H,A,A,A,A,A,A,A,A,H,H,A,A,H,H,H,A
Marker_1_193,1,H,NA,H,A,A,A,H,A,H,A,A,A,A,H,H,H,A,A,H,A,A,A,H,H,A,A,A,A,A,A,A,A,H,H,A,A,H,H,H,A
Marker_1_194,1,H,NA,H,A,A,A,H,A,H,H,A,A,A,H,H,H,A,A,H,A,A,A,H,H,A,A,A,A,A,A,A,A,H,H,A,A,H,H,H,A
Marker_1_195,1,H,NA,H,A,A,A,H,A,H,H,A,A,A,H,H,H,A,A,H,A,A,A,H,H,A,A,A,A,A,A,A,A,H,H,A,A,H,H,H,A
Marker_1_196,1,H,NA,H,A,A,A,H,A,H,H,A,A,A,H,H,H,A,A,H,A,A,A,A,H,A,A,A,A,A,A,A,A,H,H,A,A,H,H,H,A
Marker_1_197,1,H,NA,H,A,A,A,H,A,H,H,A,A,A,H,H,H,A,A,H,A,A,A,A,H,A,A,A,H,A,A,A,A,H,H,A,A,H,H,H,A
Marker_1_198,1,H,NA,H,A,A,H,H,A,H,H,A,A,A,H,H,H,A,A,H,A,A,A,A,H,A,A,A,H,A,A,A,A,H,H,A,A,H,H,H,A
Marker_1_199,1,H,NA,H,A,A,H,H,A,H,H,A,A,A,H,H,H,A,A,H,A,A,A,A,H,A,A,A,H,A,A,A,A,H,H,A,A,H,H,H,A
Marker_1_200,1,H,A,H,A,A,H,H,A,H,H,A,A,A,H,H,H,A,A,H,A,A,A,A,H,A,A,A,H,A,A,A,A,H,H,A,A,H,H,H,A
Marker_1_201,1,H,A,H,A,A,H,H,A,H,H,A,A,A,H,H,H,A,A,H,A,A,A,A,H,A,A,A,H,A,A,A,A,H,H,A,A,H,H,H,A
Marker_1_202,1,H,A,H,A,A,H,H,A,H,H,A,A,A,H,H,H,A,A,H,A,A,A,A,H,A,A,A,H,A,A,A,A,H,H,A,A,H,H,H,A
Marker_1_203,1,H,A,H,A,A,H,H,A,H,H,A,A,A,H,H,H,A,A,H,H,A,A,A,H,A,A,A,H,A,A,A,A,H,H,A,A,H,H,H,A
Marker_1_204,1,H,A,H,A,A,H,H,A,H,H,A,A,A,H,H,H,A,A,H,H,A,A,A,H,A,A,A,H,A,A,A,A,H,H,A,A,H,H,H,A
Marker_1_205,1,H,A,H,A,A,H,H,A,H,H,A,A,A,H,H,H,A,A,H,H,A,A,A,H,A,A,A,H,A,A,A,A,H,H,A,A,H,H,H,A
Marker_1_206,1,H,A,H,A,A,H,H,A,H,H,A,A,A,H,H,H,A,A,H,H,A,A,A,H,A,A,A,H,A,A,A,A,H,H,A,A,H,H,H,A
Marker_1_207,1,H,A,H,A,A,H,H,A,H,H,A,A,A,H,H,H,A,A,H,H,A,A,A,H,A,A,A,H,A,A,A,A,H,H,A,A,H,H,H,A
Marker_1_208,1,H,A,H,A,A,H,H,A,H,H,A,A,A,H,H,H,H,A,H,H,A,A,A,H,A,A,A,A,A,A,A,A,H,H,A,A,H,H,H,A
Marker_1_209,1,H,A,H,A,A,H,H,A,H,H,A,A,A,H,H,H,H,A,H,H,H,A,A,H,A,A,H,A,A,A,A,A,H,H,A,A,H,H,H,A
Marker_1_210,1,H,A,H,A,A,H,H,A,H,H,A,A,A,H,H,H,H,A,H,H,H,A,A,H,A,A,H,A,A,A,A,A,H,H,A,A,H,H,H,A
Marker_1_211,1,H,A,H,A,A,H,H,A,H,H,A,A,A,H,H,H,H,A,H,H,H,A,A,H,A,A,H,A,A,A,A,A,H,H,A,A,H,H,H,A
Marker_1_212,1,H,A,H,A,A,H,H,A,H,H,A,A,A,H,H,H,H,A,H,H,H,A,A,H,A,A,H,A,A,A,A,A,H,H,A,A,H,H,H,A
Marker_1_213,1,H,A,H,A,A,H,H,A,H,H,A,A,A,H,H,H,H,A,H,H,H,A,A,H,A,A,H,A,A,A,A,A,H,H,A,A,H,H,H,A
Marker_1_214,1,H,A,H,A,A,H,H,A,H,H,A,A,A,H,H,H,H,A,H,H,H,A,A,H,A,A,H,A,A,A,A,A,H,H,A,A,H,H,H,A
Marker_1_215,1,H,A,H,A,A,H,H,A,H,A,A,A,A,H,H,H,H,A,H,H,H,A,A,H,A,A,H,A,A,A,A,A,H,H,A,A,H,H,H,A
Marker_1_216,1,H,A,H,A,A,H,H,A,H,A,A,A,A,A,H,H,H,A,H,H,H,A,A,H,A,A,H,A,A,A,A,A,H,H,A,A,H,H,H,A
Marker_1_217,1,H,A,H,A,A,H,H,A,H,A,A,A,A,A,H,H,H,H,H,H,H,A,A,H,A,A,H,A,A,A,A,A,H,H,A,A,H,H,H,A
Marker_1_218,1,H,A,H,A,A,H,H,A,H,A,A,A,A,A,H,H,H,H,H,H,H,A,A,H,A,A,H,A,A,A,A,A,H,H,A,A,H,H,H,A
Marker_1_219,1,H,A,H,A,A,H,H,A,H,H,A,A,A,A,H,H,H,H,H,H,H,A,A,H,A,A,H,A,A,A,A,A,H,H,A,A,H,H,H,A
Marker_1_220,1,H,A,H,A,A,H,H,A,H,H,A,A,A,A,H,H,H,H,H,H,H,A,A,H,A,A,H,A,A,A,A,A,H,H,A,A,H,H,H,A
Marker_1_221,1,H,A,H,A,A,H,H,A,H,H,A,A,A,A,H,H,H,H,H,H,H,A,A,H,A,A,H,A,A,A,A,A,H,H,A,A,H,H,H,A
Marker_1_222,1,H,A,H,A,A,H,H,A,H,H,A,A,A,A,H,H,H,H,H,H,H,A,A,H,A,A,H,A,A,A,A,A,H,H,A,A,H,H,H,A
Marker_1_223,1,H,A,H,A,A,H,H,A,H,H,A,A,A,H,H,H,H,H,H,H,H,A,A,H,A,A,H,A,A,A,A,A,H,H,A,A,H,H,H,A
Marker_1_224,1,H,A,H,A,A,H,H,A,H,H,A,A,A,H,H,H,H,H,H,H,H,A,A,H,A,A,H,A,A,A,A,A,H,H,A,A,H,H,H,A
Marker_1_225,1,H,A,H,A,A,H,H,A,H,H,A,A,A,H,H,H,H,H,H,H,H,A,A,H,A,A,H,A,A,A,A,A,H,H,A,A,H,H,H,A
Marker_1_226,1,H,A,H,A,A,H,H,A,H,H,A,A,A,H,H,H,H,H,A,H,H,A,A,H,A,A,H,A,A,A,A,A,H,H,A,A,H,H,H,A
Marker_1_227,1,H,A,H,A,A,H,H,A,H,H,A,A,A,H,H,H,H,H,A,H,H,A,A,H,A,A,H,A,A,A,A,A,H,H,A,A,H,H,H,A
Marker_1_228,1,H,A,H,A,A,H,H,A,H,H,A,A,A,H,H,H,H,H,A,NA,H,A,A,H,A,A,H,A,A,A,A,A,H,H,A,A,H,H,H,A
Marker_1_229,1,H,A,H,A,A,H,H,A,H,H,A,A,A,H,H,H,H,H,A,NA,H,A,A,H,A,A,H,A,A,H,A,A,H,H,A,A,H,H,H,A
Marker_1_230,1,H,A,H,A,A,H,H,A,H,H,A,A,A,H,H,H,H,H,A,NA,H,A,A,H,A,A,H,A,A,H,A,A,H,H,A,A,H,H,H,A
Marker_1_231,1,H,A,H,A,A,H,H,A,H,H,A,A,A,H,H,H,H,H,A,NA,H,A,A,A,A,A,H,A,A,H,A,A,H,H,A,A,H,H,H,A
Marker_1_232,1,H,A,H,A,A,H,H,A,H,H,A,A,A,A,H,H,H,H,A,NA,H,A,A,A,A,A,H,A,A,H,A,A,H,H,A,A,H,H,H,A
Marker_1_233,1,H,A,H,A,A,H,H,A,H,H,A,A,A,A,H,H,H,H,A,NA,H,A,A,A,A,A,H,A,A,H,A,A,H,H,A,A,H,H,H,A
Marker_1_234,1,H,A,H,A,A,H,H,A,H,H,A,A,A,A,H,H,H,H,A,NA,H,A,A,A,A,A,H,A,A,H,A,A,H,H,A,A,H,H,H,A
Marker_1_235,1,H,A,H,A,A,H,H,A,H,H,A,A,A,A,H,H,H,H,A,NA,H,A,A,A,A,A,H,A,A,H,A,A,H,H,A,A,H,H,H,A
Marker_1_236,1,H,A,H,A,A,H,H,A,H,H,A,A,A,H,H,H,H,H,A,NA,H,H,A,A,A,A,H,A,A,H,A,A,H,H,A,A,H,H,H,A
Marker_1_237,1,H,A,H,A,A,H,H,A,H,H,A,A,A,H,H,H,H,H,A,NA,H,H,A,A,A,A,H,A,A,H,A,A,H,H,A,A,H,H,H,A
Marker_1_238,1,H,A,H,A,A,H,H,A,H,H,A,A,A,H,H,H,H,H,A,NA,H,H,A,A,A,A,H,A,A,H,A,A,H,H,A,A,H,H,H,A
Marker_1_239,1,H,A,H,A,A,H,H,A,H,H,A,A,A,H,H,H,H,H,A,NA,H,H,A,A,A,A,H,A,A,H,A,A,H,H,A,A,H,H,H,A
Marker_1_240,1,H,A,H,A,A,H,H,A,H,H,A,A,H,H,H,H,H,H,A,NA,H,H,A,H,A,A,H,A,A,H,A,A,H,H,A,A,H,H,H,A
Marker_1_241,1,H,A,H,A,A,H,H,A,H,H,A,A,H,H,H,H,H,H,A,A,H,H,A,H,A,A,H,A,A,H,A,A,H,H,A,A,H,H,H,A
Marker_1_242,1,H,A,H,A,A,H,H,A,H,H,A,A,H,H,H,H,H,H,A,A,H,H,A,H,A,A,H,A,A,H,A,A,H,H,A,A,H,H,H,A
Marker_1_243,1,H,A,H,A,A,H,H,A,H,H,A,A,H,H,H,H,H,H,A,A,H,H,A,H,A,A,H,A,A,H,A,A,H,H,A,A,H,H,H,A
Marker_1_244,1,H,A,H,A,A,H,H,A,H,H,A,A,H,H,H,H,H,H,A,H,H,H,A,H,A,A,H,A,A,H,A,A,H,H,A,A,H,H,H,A
Marker_1_245,1,H,A,H,A,A,H,H,A,H,H,A,A,H,H,H,H,H,H,A,H,H,H,A,H,A,H,H,A,A,H,A,A,H,H,A,A,H,H,H,A
Marker_1_246,1,H,A,H,A,A,H,H,A,H,H,A,A,H,H,H,H,H,H,A,H,H,H,A,H,A,H,H,A,A,H,A,A,H,H,A,A,H,H,H,A
Marker_1_247,1,H,A,H,A,A,H,H,A,H,H,A,A,H,H,H,H,H,H,A,H,H,H,A,H,A,H,H,A,A,H,A,A,H,H,A,A,H,H,H,A
Marker_1_248,1,H,A,H,A,A,H,H,A,H,H,A,A,H,H,H,H,H,H,A,H,H,H,A,H,A,H,H,A,A,H,A,A,H,H,A,A,H,H,A,A
Marker_1_249,1,H,A,H,A,A,H,H,A,H,H,A,A,H,H,H,H,H,H,A,H,H,H,A,H,A,H,H,A,A,H,A,A,H,H,A,A,H,H,A,A
Marker_1_250,1,H,A,H,A,A,H,H,A,H,H,A,A,H,H,H,H,H,H,A,H,H,H,A,H,A,H,H,A,A,H,A,H,H,H,A,A,H,H,A,A
Marker_1_251,1,H,A,H,A,A,H,H,A,H,H,A,A,H,H,H,H,H,H,A,H,H,H,A,H,A,H,H,A,A,H,A,H,H,H,A,A,H,H,A,A
Marker_1_252,1,H,A,H,A,A,H,H,A,H,H,A,A,H,H,H,H,H,H,A,H,H,H,A,H,A,H,H,A,A,H,A,H,H,H,A,A,A,H,A,A
Marker_1_253,1,H,A,H,A,A,H,H,A,H,H,A,A,H,H,H,H,H,H,A,H,H,H,A,H,A,H,H,A,A,H,A,H,H,H,A,A,A,H,A,A
Marker_1_254,1,H,A,H,A,A,H,H,A,H,H,A,A,H,H,H,H,H,H,A,H,H,H,A,H,A,H,H,A,A,H,A,H,H,H,A,A,A,H,A,A
Marker_1_255,1,H,A,H,A,A,H,H,A,H,H,A,A,H,H,H,H,H,H,A,H,H,H,A,H,A,H,H,A,A,H,A,H,H,H,A,A,A,H,A,A
Marker_1_256,1,H,A,H,A,A,H,H,A,H,H,A,A,H,H,H,H,H,H,A,H,H,H,A,H,A,H,H,A,A,H,A,H,H,H,A,A,A,H,A,A
Marker_1_257,1,H,A,H,A,A,H,H,A,H,H,A,A,H,H,H,H,H,H,A,H,H,H,A,H,H,H,H,A,A,H,A,H,H,H,A,A,A,H,A,A
Marker_1_258,1,H,A,H,A,A,H,H,A,H,H,A,A,H,H,H,H,H,H,A,H,H,H,A,H,H,H,H,A,A,H,A,H,H,H,A,A,A,H,A,A
Marker_1_259,1,H,A,H,A,A,H,H,A,H,H,A,A,H,H,H,H,H,H,A,H,H,H,A,H,H,H,H,A,A,H,NA,H,H,H,A,A,A,H,A,A
Marker_1_260,1,H,A,H,A,A,H,H,A,H,H,A,A,H,H,H,H,H,H,A,H,H,H,A,H,H,H,H,A,A,H,NA,H,H,H,A,A,A,H,A,A
Marker_1_261,1,H,A,H,A,A,H,H,A,H,H,A,A,H,H,H,H,H,H,A,H,H,H,A,H,H,H,H,A,A,H,NA,H,H,H,A,A,A,H,A,A
Marker_1_262,1,H,A,H,H,A,H,H,A,H,H,A,A,H,H,H,H,H,H,A,H,H,H,A,H,H,H,H,A,A,H,NA,H,H,H,A,A,A,H,A,A
Marker_1_263,1,H,A,H,H,A,H,H,A,H,H,A,A,H,H,H,H,H,H,A,H,H,H,A,H,H,H,H,A,A,A,NA,H,H,H,A,A,A,H,A,A
Marker_1_264,1,H,A,H,H,A,H,H,A,H,H,A,A,H,H,H,H,H,H,A,H,H,H,A,H,H,H,H,A,A,A,NA,H,H,H,A,A,A,H,A,A
Marker_1_265,1,H,A,H,H,A,H,H,A,H,H,A,A,H,H,H,H,H,H,A,H,H,H,A,H,H,H,H,A,A,A,NA,A,H,H,A,A,A,H,A,A
Marker_1_266,1,H,A,H,H,A,H,H,A,H,H,A,A,H,H,H,H,H,H,A,H,H,H,A,H,H,H,H,A,A,A,NA,A,H,H,A,A,A,H,A,A
Marker_1_267,1,H,A,H,H,A,H,H,A,H,H,A,A,H,H,H,H,H,H,A,H,H,H,A,H,H,H,H,A,A,A,NA,A,H,H,A,A,A,H,A,A
Marker_1_268,1,H,A,H,H,A,H,H,A,H,H,A,A,H,H,H,H,H,H,A,H,A,H,A,H,H,H,H,A,A,A,NA,A,H,H,A,A,A,H,A,A
Marker_1_269,1,H,A,H,H,A,H,H,A,H,H,A,A,H,A,H,H,H,H,A,H,A,H,A,H,H,H,H,A,A,A,NA,A,H,H,A,A,A,H,A,A
Marker_1_270,1,H,A,H,H,A,H,H,A,A,H,A,A,H,A,H,H,H,H,A,H,A,H,A,H,H,H,H,A,A,A,NA,A,H,H,A,A,A,H,A,A
Marker_1_271,1,H,A,H,H,A,H,H,A,A,H,A,A,H,A,H,H,H,H,A,H,A,H,A,H,H,H,H,A,A,A,NA,A,H,H,A,A,A,H,A,A
Marker_1_272,1,H,A,H,H,A,H,H,A,A,H,A,A,H,A,H,H,H,H,A,H,A,H,A,H,H,H,H,H,A,A,NA,A,H,H,A,A,A,H,A,A
Marker_1_273,1,H,A,H,H,A,H,H,A,A,H,A,A,H,A,H,H,H,H,A,H,A,H,A,H,H,H,H,H,A,A,NA,A,H,H,A,A,A,H,A,A
Marker_1_274,1,H,A,H,H,A,H,H,A,A,H,A,A,H,A,H,H,H,H,A,H,A,H,A,H,H,H,H,H,A,A,NA,A,H,H,A,A,A,H,A,A
Marker_1_275,1,H,A,H,H,A,H,H,A,A,H,A,A,H,A,H,H,H,H,A,H,A,H,A,H,H,H,H,H,A,A,NA,A,H,H,A,A,A,H,A,A
Marker_1_276,1,H,A,H,H,A,H,H,A,A,H,A,A,H,A,H,H,H,H,A,H,A,H,A,H,H,H,H,H,A,A,NA,A,H,H,A,A,A,H,A,A
Marker_1_277,1,H,A,H,H,A,H,H,A,A,H,A,A,H,A,H,H,H,H,A,H,A,H,A,H,H,H,H,H,A,A,A,A,H,H,A,A,A,H,A,A
Marker_1_278,1,H,A,H,H,A,H,H,A,A,H,A,A,H,A,H,H,H,H,A,H,A,H,A,H,H,H,H,H,A,A,A,A,H,H,H,A,A,H,A,A
Marker_1_279,1,H,A,H,H,A,H,H,A,A,H,A,A,H,A,H,H,H,H,A,H,A,H,A,H,H,H,H,H,A,A,A,A,H,H,H,A,A,H,A,A
Marker_1_280,1,H,A,H,H,A,H,H,A,A,H,A,A,H,A,H,H,H,H,A,H,A,H,A,H,H,H,H,H,A,A,A,A,H,H,H,A,A,H,A,A
Marker_1_281,1,H,A,H,H,A,H,H,A,A,H,A,A,H,A,H,H,H,H,A,H,A,H,A,H,H,H,H,H,A,A,A,A,H,H,H,A,A,H,A,A
Marker_1_282,1,H,A,H,H,A,H,H,A,A,H,A,A,H,A,H,H,H,H,A,H,A,H,A,H,H,H,H,H,A,A,A,A,H,H,H,A,A,H,A,A
Marker_1_283,1,H,A,H,H,A,H,H,A,A,H,A,A,H,A,H,H,A,H,A,H,A,H,A,H,H,H,H,H,A,A,A,A,H,H,H,A,A,H,A,A
Marker_1_284,1,H,A,H,H,H,H,H,A,A,H,A,A,H,A,H,H,A,H,A,H,A,H,A,H,H,H,H,H,A,A,A,A,H,H,H,A,A,H,A,A
Marker_1_285,1,H,A,H,H,H,H,H,A,A,H,A,A,H,A,H,H,A,H,A,H,A,H,A,H,H,H,H,H,A,A,A,A,H,H,H,A,A,H,A,A
Marker_1_286,1,H,A,H,H,H,H,H,A,A,H,A,A,H,A,H,H,A,H,A,H,A,H,A,H,H,H,H,H,A,A,A,A,H,H,H,A,A,H,A,A
Marker_1_287,1,H,A,H,H,H,H,H,A,A,H,A,A,H,A,H,H,A,H,A,H,A,H,A,H,H,H,H,H,A,A,A,A,H,H,H,H,A,H,A,A
Marker_1_288,1,H,A,H,H,H,H,H,A,A,H,A,A,H,A,H,H,A,H,A,H,A,H,A,H,H,H,H,H,A,A,A,A,H,H,H,H,A,H,A,A
Marker_1_289,1,H,A,H,H,H,H,H,A,A,H,A,A,H,A,H,H,A,H,A,H,A,H,A,H,H,H,H,H,A,A,A,A,H,H,H,H,A,H,A,A
Marker_1_290,1,H,A,A,H,H,H,H,A,A,H,A,A,H,A,H,H,A,H,A,H,A,H,A,H,H,H,H,H,A,A,A,A,H,H,H,H,A,H,A,A
Marker_1_291,1,H,A,A,H,H,H,H,A,A,H,A,A,H,A,H,H,A,H,A,H,A,H,A,H,H,H,H,H,A,A,A,A,H,H,H,H,A,H,A,A
Marker_1_292,1,H,A,A,H,H,H,H,A,A,H,A,A,H,A,H,H,A,H,A,H,A,H,A,H,H,H,H,H,A,A,A,A,H,H,H,H,A,H,A,A
Marker_1_293,1,H,A,A,H,H,H,H,A,A,H,A,A,H,A,H,H,A,H,A,H,A,H,A,H,H,H,H,H,A,A,A,A,H,H,H,H,A,H,A,A
Marker_1_294,1,H,A,A,H,H,H,H,A,A,H,A,A,H,A,H,H,A,H,A,H,A,H,A,H,H,H,H,H,A,A,A,A,H,H,H,H,A,H,A,A
Marker_1_295,1,H,A,A,H,H,H,H,A,A,H,H,H,H,A,H,H,A,H,A,H,A,H,A,H,H,H,H,H,A,A,A,A,H,H,H,H,A,H,A,A
Marker_1_296,1,H,A,A,H,H,H,H,A,A,H,H,H,H,A,H,H,A,H,A,H,A,H,A,H,H,H,H,H,A,A,H,A,H,H,H,H,A,H,A,A
Marker_1_297,1,H,A,A,H,H,H,H,A,A,H,H,H,H,A,H,H,A,A,A,H,A,H,A,H,H,H,H,H,A,A,H,A,H,H,H,H,A,H,A,A
Marker_1_298,1,H,A,A,H,H,H,A,A,A,H,H,H,H,A,H,H,A,A,A,H,A,H,A,H,H,H,H,H,A,A,H,A,H,H,H,H,A,H,A,A
Marker_1_299,1,A,A,A,H,H,H,A,A,A,H,H,H,H,A,H,H,A,A,A,H,A,H,A,H,H,H,H,H,A,A,H,A,H,H,H,H,A,H,A,A
Marker_1_300,1,A,A,A,H,H,H,A,A,A,H,H,H,H,A,H,H,A,A,A,H,A,H,A,H,H,H,H,H,A,A,A,A,H,H,H,H,A,H,A,A
Marker_1_301,1,A,A,A,H,H,H,A,A,A,H,H,H,H,A,H,H,A,A,A,H,A,H,A,H,H,H,H,H,A,A,A,A,H,H,H,H,A,A,A,A
Marker_1_302,1,A,A,A,H,H,H,A,A,A,H,H,H,H,A,H,H,A,A,A,H,A,H,A,H,H,H,H,H,A,A,A,A,H,H,H,H,A,A,A,A
Marker_1_303,1,A,A,A,H,H,H,A,A,A,H,H,H,H,A,H,H,A,A,A,H,A,H,A,H,H,H,H,H,A,A,A,A,H,H,H,H,A,A,A,A
Marker_1_304,1,A,A,A,H,H,H,A,A,A,H,H,H,H,A,H,H,A,A,A,H,A,H,A,H,H,H,H,H,A,A,A,A,H,H,H,H,A,A,A,A
Marker_1_305,1,A,A,A,H,H,H,A,A,A,H,H,H,H,A,H,H,A,A,A,H,A,H,A,H,H,H,H,H,A,A,A,A,H,H,H,H,A,A,A,A
Marker_1_306,1,A,A,A,H,H,H,A,A,H,H,H,H,H,A,H,H,A,A,A,H,A,H,A,H,H,H,H,H,A,A,A,A,H,H,H,H,A,A,A,A
Marker_1_307,1,A,A,A,H,H,H,A,A,H,H,H,H,H,A,H,H,A,A,H,H,A,H,A,H,H,H,H,H,A,A,A,A,H,H,H,H,A,A,A,A
Marker_1_308,1,A,A,A,H,H,H,A,A,H,H,H,H,H,A,H,H,A,A,H,H,A,H,A,H,H,H,H,H,A,A,A,A,H,H,H,H,A,A,A,A
Marker_1_309,1,A,A,A,H,H,H,A,A,H,H,H,H,H,A,H,H,A,A,H,H,A,H,A,H,H,H,H,H,A,A,A,A,H,H,H,H,A,A,A,A
Marker_1_310,1,A,A,A,H,H,H,A,A,H,H,H,H,H,A,H,H,A,A,H,H,A,H,A,H,H,H,H,H,A,A,A,A,H,H,H,H,A,A,A,A
Marker_1_311,1,A,A,A,H,H,H,A,A,H,H,H,H,H,A,H,H,A,A,H,H,A,H,A,H,H,H,H,H,A,A,A,A,H,H,H,H,A,A,A,A
Marker_1_312,1,A,A,A,H,H,H,A,A,H,H,H,H,H,A,H,H,A,A,H,H,A,H,A,H,H,H,H,H,A,A,A,A,H,A,H,H,A,A,A,A
Marker_1_313,1,A,A,A,H,H,H,A,A,H,H,H,H,H,A,H,H,A,A,H,H,A,H,A,H,H,H,H,H,A,A,A,A,H,A,H,H,A,A,A,A
Marker_1_314,1,A,A,A,H,H,H,A,A,H,H,H,H,H,A,H,H,A,A,H,H,A,H,A,H,H,H,H,H,A,A,A,A,H,A,H,H,A,A,A,A
Marker_1_315,1,A,A,A,H,H,H,A,A,H,A,H,H,H,A,H,H,A,A,H,H,A,H,A,H,H,H,H,H,A,A,A,A,H,A,H,H,A,A,A,A
Marker_1_316,1,A,A,A,H,H,H,A,A,H,A,H,H,H,A,H,H,A,A,H,H,A,H,A,H,H,H,H,H,A,A,A,A,H,A,H,H,A,A,A,A
Marker_1_317,1,A,A,A,H,H,H,A,A,H,A,H,H,H,A,H,H,A,A,H,H,A,H,A,H,H,H,H,H,A,A,A,A,H,A,H,H,A,A,A,A
Marker_1_318,1,A,A,A,H,H,H,A,A,H,A,H,H,H,A,H,H,A,A,H,H,A,H,A,H,H,H,H,H,A,A,A,A,H,A,H,H,A,A,A,A
Marker_1_319,1,A,A,A,H,H,H,A,A,H,A,H,H,H,A,H,H,A,A,H,H,A,H,A,H,H,H,H,H,A,A,A,A,H,A,H,H,A,A,A,H
Marker_1_320,1,A,H,A,H,H,H,A,A,H,A,H,H,H,A,H,H,A,A,H,H,A,H,A,H,H,H,H,H,A,A,A,A,H,A,H,H,A,A,A,H
Marker_1_321,1,A,H,A,H,H,H,A,A,H,A,H,H,H,A,H,H,A,A,H,H,A,H,A,H,H,H,H,H,A,A,A,A,H,A,H,H,A,A,A,H
Marker_1_322,1,A,H,A,H,H,H,A,A,H,A,H,H,H,A,H,H,A,A,H,H,A,H,A,H,H,H,H,H,A,A,A,A,H,A,H,H,A,A,A,H
Marker_1_323,1,A,H,A,H,H,H,A,A,H,A,H,H,H,A,H,H,A,A,H,H,A,H,A,H,H,H,H,H,A,A,A,A,H,A,H,H,A,A,A,H
Marker_1_324,1,A,H,A,H,H,H,A,A,H,A,H,H,H,A,H,H,A,A,H,H,A,H,A,H,H,H,H,H,A,A,H,A,H,A,H,H,A,A,A,H
Marker_1_325,1,A,NA,A,H,H,H,A,A,H,A,H,H,H,A,H,H,A,A,H,H,A,H,A,H,H,H,H,H,A,A,H,A,H,A,H,H,A,A,A,H
Marker_1_326,1,A,NA,A,H,H,H,A,A,H,A,H,H,H,A,H,H,A,A,H,H,A,H,A,H,H,H,H,H,A,A,H,A,H,A,H,H,A,A,A,H
Marker_1_327,1,A,NA,A,H,H,H,A,A,H,A,H,H,H,A,H,H,A,A,H,H,A,H,A,H,H,H,H,H,A,A,H,A,H,A,H,H,A,A,A,H
Marker_1_328,1,A,NA,A,H,H,H,A,A,H,A,H,H,H,A,H,H,A,A,H,H,A,H,A,H,H,H,H,H,A,A,H,A,H,A,H,H,A,A,A,H
Marker_1_329,1,A,NA,A,H,H,H,A,A,H,A,H,H,H,A,H,H,A,A,H,H,A,H,A,H,H,H,H,H,A,A,H,A,H,A,H,H,A,A,A,H
Marker_1_330,1,A,NA,A,H,H,H,A,A,H,A,H,H,H,A,H,H,A,A,A,H,A,H,A,H,H,H,H,H,A,A,H,A,H,A,H,H,A,A,A,H
Marker_1_331,1,A,NA,A,H,H,H,A,A,H,A,H,H,H,A,H,H,A,A,A,H,A,H,A,H,H,H,H,H,A,A,H,A,H,A,H,H,A,A,A,H
Marker_1_332,1,A,NA,A,H,H,H,A,A,H,A,H,H,H,A,H,H,A,A,A,H,A,H,A,H,H,H,H,H,A,A,H,A,H,A,H,H,A,A,A,H
Marker_1_333,1,A,NA,A,H,H,H,A,A,H,A,H,H,H,A,H,H,H,A,A,H,A,H,A,H,H,H,H,H,A,A,H,A,H,A,H,H,A,A,A,H
Marker_1_334,1,A,NA,A,H,H,H,A,A,H,A,H,H,H,A,H,H,H,A,A,H,A,H,A,H,H,H,H,H,A,A,H,A,H,A,H,H,A,A,A,H
Marker_1_335,1,A,NA,A,H,H,H,A,A,H,A,H,H,H,A,H,H,H,A,A,H,A,H,A,H,H,H,H,H,A,A,H,A,H,A,H,H,A,A,A,H
Marker_1_336,1,A,NA,A,H,H,H,A,A,H,A,H,H,H,A,H,H,H,A,A,H,A,H,A,H,H,H,H,H,A,A,H,A,H,A,H,H,A,A,A,H
Marker_1_337,1,A,H,A,H,H,H,A,A,H,A,H,H,H,A,H,H,H,A,A,H,A,H,A,H,H,H,H,H,A,A,H,A,H,A,H,H,A,A,A,H
Marker_1_338,1,A,H,A,H,H,H,A,A,A,A,H,H,H,A,H,H,H,A,A,H,A,H,A,H,H,H,H,H,A,A,H,A,H,A,H,H,A,A,A,H
Marker_1_339,1,A,H,A,H,H,H,A,A,A,A,H,H,H,A,H,H,H,A,A,H,A,H,A,H,H,H,H,H,A,A,H,A,H,A,H,H,A,A,A,H
Marker_1_340,1,A,H,A,H,H,H,A,A,A,A,H,H,H,A,H,H,H,A,A,H,A,H,A,H,H,H,H,H,A,A,H,A,H,A,H,H,A,A,A,H
Marker_1_341,1,A,H,A,H,H,H,A,A,A,A,H,H,H,A,H,H,H,A,A,H,A,H,A,H,H,H,H,H,A,A,H,A,H,A,H,H,A,A,A,H
Marker_1_342,1,A,H,A,H,H,H,A,A,A,A,H,H,H,A,H,H,H,A,A,H,A,H,A,H,H,H,H,H,A,A,H,A,H,A,H,H,A,A,A,H
Marker_1_343,1,A,H,H,H,H,H,A,A,A,A,H,H,H,A,H,H,H,A,A,H,A,H,A,H,H,H,H,H,A,A,H,A,H,A,H,H,A,A,A,H
Marker_1_344,1,A,H,H,H,H,H,A,A,A,A,H,H,H,A,H,H,H,A,A,H,A,H,A,H,H,H,H,H,A,A,H,A,H,A,H,H,A,A,A,H
Marker_1_345,1,A,H,H,H,H,H,A,A,A,A,H,H,H,A,H,H,H,A,A,H,A,H,A,H,H,H,H,H,A,A,H,A,H,A,H,H,A,A,A,H
Marker_1_346,1,A,H,H,H,H,H,A,A,A,A,H,H,H,A,H,H,H,A,A,H,A,H,A,H,H,H,H,H,A,A,H,A,H,A,H,H,A,A,A,H
Marker_1_347,1,A,A,H,H,H,H,A,A,A,A,H,H,H,A,H,H,H,A,A,H,A,H,A,H,H,H,H,H,A,A,H,A,H,A,H,H,A,A,A,H
Marker_1_348,1,A,A,H,H,H,H,A,A,A,A,H,H,H,A,H,H,H,A,A,H,A,H,A,H,H,H,H,H,A,A,H,A,H,A,H,H,A,A,A,H
Marker_1_349,1,A,A,H,H,H,H,A,A,A,A,H,H,H,A,H,H,H,A,A,H,A,H,A,H,H,H,H,H,A,A,H,A,H,A,H,H,A,A,A,H
Marker_1_350,1,A,A,H,H,H,H,H,A,A,A,H,H,H,A,H,H,H,A,A,H,A,H,A,H,H,H,H,H,A,A,H,A,H,A,H,H,A,A,A,H
Marker_1_351,1,A,A,H,H,H,H,H,A,A,A,H,H,H,A,H,H,H,A,A,H,A,H,A,H,H,H,H,H,A,A,H,A,H,A,H,H,A,A,A,H
Marker_1_352,1,A,A,H,H,H,H,H,A,A,A,H,H,H,A,H,H,H,A,A,H,A,H,A,H,H,H,H,H,A,A,H,A,H,A,H,H,A,A,A,H
Marker_1_353,1,A,A,H,H,H,H,H,A,A,A,H,H,H,A,H,H,H,A,A,H,A,H,A,H,H,H,H,H,A,A,H,A,A,A,H,H,A,A,A,H
Marker_1_354,1,A,A,H,H,H,H,H,A,A,A,H,H,H,A,H,H,H,A,A,H,A,H,A,H,H,H,H,H,A,A,H,A,A,A,H,H,A,A,A,H
Marker_1_355,1,A,A,H,H,H,H,H,A,A,A,H,H,H,A,H,H,A,A,A,H,A,H,A,H,H,H,H,H,A,A,H,A,A,A,H,H,A,A,A,H
Marker_1_356,1,A,A,H,H,H,H,H,A,A,A,H,H,H,A,H,H,A,A,A,H,A,H,A,H,H,H,H,H,A,A,H,A,A,A,H,H,A,A,A,H
Marker_1_357,1,A,H,H,H,H,H,H,A,A,A,H,H,H,A,H,H,A,A,A,H,A,H,A,H,H,H,H,H,A,A,H,A,A,A,H,H,A,A,A,H
Marker_1_358,1,A,H,H,H,H,H,H,A,A,A,H,H,H,A,H,H,A,A,A,H,A,H,A,H,H,H,H,H,A,A,H,A,A,A,H,H,A,A,A,H
Marker_1_359,1,A,H,H,H,H,H,H,A,A,A,H,H,H,A,H,H,A,A,A,H,A,H,A,H,H,H,H,H,A,A,H,A,A,A,H,H,A,A,A,H
Marker_2_1,2,A,H,H,A,H,H,H,H,H,H,H,H,A,A,A,A,A,A,H,H,A,A,A,A,H,A,A,H,A,H,A,H,H,H,H,H,NA,A,H,H
Marker_2_2,2,A,H,H,A,H,H,H,H,H,H,H,H,A,A,A,A,A,A,H,H,A,A,A,A,H,A,A,H,A,H,A,H,H,H,H,H,NA,A,H,H
Marker_2_3,2,A,H,H,A,H,H,H,H,H,H,H,H,A,A,A,A,A,A,H,H,A,A,A,A,H,A,A,H,A,H,A,H,H,H,H,H,NA,A,H,H
Marker_2_4,2,A,H,H,A,H,H,H,H,A,H,H,H,A,A,A,A,A,A,H,H,A,A,A,A,H,A,A,H,A,H,A,H,H,H,H,H,NA,A,H,H
Marker_2_5,2,A,H,H,A,H,H,H,H,A,H,H,H,A,A,A,A,A,A,H,H,A,A,A,H,H,A,A,H,A,H,A,H,H,H,H,H,NA,A,H,H
Marker_2_6,2,A,H,H,A,H,H,H,H,A,H,H,H,A,A,A,A,A,A,H,H,A,A,A,H,H,A,A,H,A,H,A,H,H,H,H,H,NA,A,H,H
Marker_2_7,2,A,H,H,A,H,H,H,H,A,H,H,H,A,A,A,A,A,A,H,H,A,A,A,H,H,A,A,H,A,H,A,H,H,H,H,H,NA,A,H,H
Marker_2_8,2,A,H,H,A,H,H,H,H,A,H,H,H,A,A,A,A,A,A,H,H,A,A,A,H,H,A,A,H,A,H,A,H,H,H,H,H,NA,A,H,H
Marker_2_9,2,A,H,H,A,H,H,H,H,A,H,H,H,A,A,A,A,A,A,H,H,A,A,A,H,H,A,A,H,A,H,A,H,H,H,H,H,H,A,H,H
Marker_2_10,2,A,H,H,A,H,H,H,H,A,H,H,H,A,A,A,A,A,A,H,H,A,A,A,H,H,A,A,H,A,H,A,H,H,H,H,H,H,A,H,H
Marker_2_11,2,A,H,H,A,H,H,H,H,A,H,H,H,A,A,A,A,A,A,H,H,A,A,A,H,H,A,A,H,A,H,A,H,H,H,H,H,H,A,H,H
Marker_2_12,2,A,H,H,A,H,H,H,H,A,H,H,H,A,A,A,A,A,A,H,H,A,A,H,H,H,A,A,H,A,H,A,H,H,H,H,H,H,A,H,H
Marker_2_13,2,A,H,H,A,H,H,H,H,A,H,H,H,A,H,A,A,A,A,H,H,A,A,H,H,H,A,A,H,A,H,A,H,H,H,H,H,H,A,H,H
Marker_2_14,2,A,H,H,A,H,H,H,H,A,H,H,H,A,H,A,A,A,A,H,H,A,A,H,H,H,A,A,H,A,H,A,H,H,H,H,H,H,A,H,H
Marker_2_15,2,H,H,H,A,H,H,H,H,A,H,H,H,A,H,A,A,A,A,H,H,A,A,H,H,H,A,A,H,A,H,A,H,H,H,H,H,H,H,H,H
Marker_2_16,2,H,H,H,A,H,H,H,H,A,H,H,H,A,H,A,A,A,A,H,H,A,A,H,H,H,A,A,H,A,H,A,H,H,H,H,H,H,H,A,H
Marker_2_17,2,H,H,H,A,H,H,H,H,A,H,H,H,A,H,A,A,A,A,H,H,A,A,H,H,H,A,A,H,A,H,A,H,H,H,H,H,H,H,A,H
Marker_2_18,2,H,H,H,A,H,H,H,H,A,H,H,H,A,H,A,A,A,A,H,H,A,A,H,H,H,A,A,H,A,H,A,H,H,A,H,H,H,H,A,H
Marker_2_19,2,H,H,H,A,H,H,H,H,A,H,H,H,A,H,A,A,A,A,H,H,A,A,H,H,H,A,A,H,A,H,A,H,H,A,H,H,H,H,A,H
Marker_2_20,2,H,H,H,A,H,H,H,H,A,H,H,H,A,H,A,A,A,A,H,H,A,A,H,H,H,A,A,H,A,H,A,H,H,A,H,H,H,H,A,H
Marker_2_21,2,H,H,H,A,H,H,H,H,A,H,H,H,A,H,A,A,A,A,H,H,A,A,H,H,H,A,A,H,A,H,A,H,H,A,H,H,H,H,A,H
Marker_2_22,2,H,H,H,A,H,H,A,H,A,H,A,A,A,H,A,A,A,A,H,H,A,A,A,H,H,A,A,H,A,H,A,H,H,A,H,H,H,H,A,H
Marker_2_23,2,H,H,H,A,H,H,A,H,A,H,A,A,A,H,A,A,A,A,H,H,A,A,A,H,H,A,A,H,A,H,A,H,H,A,H,H,H,H,A,H
Marker_2_24,2,H,H,H,A,H,H,A,H,A,H,A,A,A,H,A,A,A,A,H,H,A,A,A,H,H,A,A,H,A,H,A,H,H,A,H,H,H,H,A,H
Marker_2_25,2,H,H,H,A,H,H,A,H,A,H,A,A,A,H,A,A,A,A,H,H,A,A,A,H,H,A,A,H,A,H,A,H,H,A,H,H,H,H,A,H
Marker_2_26,2,H,H,H,A,H,H,A,H,A,H,A,A,A,H,A,A,A,A,H,H,A,A,A,H,H,A,A,H,A,H,A,H,H,A,H,H,H,H,A,H
Marker_2_27,2,H,H,H,A,H,H,A,H,A,H,A,A,A,H,A,A,A,A,H,H,A,A,A,H,H,A,A,H,A,H,A,H,H,A,H,H,H,H,A,H
Marker_2_28,2,H,H,H,A,H,H,A,H,A,H,A,A,A,H,A,A,A,A,H,H,A,A,A,H,H,A,A,H,A,H,A,H,H,A,H,H,H,H,A,H
Marker_2_29,2,H,H,H,A,H,H,A,H,A,H,A,A,A,H,A,A,A,A,H,H,A,A,A,H,H,A,A,H,A,H,A,H,H,A,H,H,H,H,H,H
Marker_2_30,2,H,H,H,A,H,H,A,H,A,H,A,A,A,H,A,A,A,A,H,H,A,A,A,H,H,A,A,H,A,H,A,H,H,A,H,H,H,H,H,H
Marker_2_31,2,H,H,H,A,H,H,H,H,A,H,A,A,A,H,A,A,A,A,H,H,A,A,H,H,H,A,A,H,A,H,A,H,H,A,H,H,H,H,H,H
Marker_2_32,2,H,H,H,A,H,H,H,H,A,H,A,A,A,H,A,A,A,A,A,H,A,A,H,H,H,A,A,H,A,H,A,H,H,A,H,H,H,H,H,H
Marker_2_33,2,H,H,A,A,H,H,H,H,A,H,A,A,A,H,A,A,A,A,A,H,A,A,H,H,H,A,A,H,A,H,A,H,H,A,H,H,H,H,H,H
Marker_2_34,2,H,H,A,A,H,H,H,H,A,H,A,A,A,H,A,A,A,A,A,H,A,A,H,H,H,A,A,H,A,H,A,H,H,A,H,H,H,H,H,H
Marker_2_35,2,H,H,A,A,H,H,H,H,A,H,A,A,A,H,A,A,A,A,A,H,A,A,H,H,H,A,A,H,A,H,A,H,H,A,H,H,H,H,H,H
Marker_2_36,2,H,H,A,A,H,H,H,H,A,H,H,H,A,H,A,A,A,A,A,H,A,A,H,H,H,A,A,H,A,H,A,H,H,A,H,H,H,H,H,H
Marker_2_37,2,H,H,A,A,H,H,H,H,A,H,H,H,A,H,A,A,A,A,A,H,A,A,H,H,H,A,A,H,A,H,A,H,A,A,H,H,H,H,H,H
Marker_2_38,2,H,H,A,A,H,H,H,H,A,H,H,H,A,H,A,A,A,A,A,H,A,A,H,H,H,A,A,H,A,H,A,H,A,A,H,H,H,H,H,H
Marker_2_39,2,H,H,A,A,H,H,H,H,A,H,H,H,A,H,A,A,A,A,A,H,A,A,H,H,H,A,A,H,A,H,H,H,A,A,H,H,H,H,H,H
Marker_2_40,2,H,H,A,A,H,H,H,H,A,H,H,H,H,H,A,A,A,A,A,H,A,A,H,H,H,A,A,H,A,H,H,H,A,A,H,H,H,H,H,H
Marker_2_41,2,H,H,A,A,H,H,H,H,A,H,H,H,H,H,A,A,A,A,A,H,A,A,H,H,H,A,A,H,A,H,H,H,A,A,H,H,H,H,H,H
Marker_2_42,2,H,H,A,A,H,H,H,H,A,H,H,H,H,H,A,A,A,A,A,H,A,A,H,H,H,A,A,H,A,H,H,H,A,A,H,H,H,H,H,H
Marker_2_43,2,H,H,A,A,H,H,H,H,A,H,H,H,H,H,A,A,A,A,A,H,A,A,H,H,H,A,A,H,A,H,H,H,A,A,H,H,A,H,H,H
Marker_2_44,2,H,H,A,A,H,H,H,H,A,H,H,H,H,H,A,A,A,A,A,H,A,A,H,H,H,A,A,H,A,H,H,H,A,A,H,H,A,H,H,H
Marker_2_45,2,H,H,A,A,H,H,H,H,A,H,H,H,H,H,A,A,A,A,A,H,A,H,H,H,H,A,A,H,A,H,H,H,A,A,H,H,A,H,H,H
Marker_2_46,2,H,H,A,A,H,H,H,H,A,H,H,H,H,H,A,A,A,A,A,H,A,H,H,H,H,A,A,H,A,H,H,H,A,A,H,H,A,H,H,H
Marker_2_47,2,H,H,A,A,H,H,H,H,A,H,H,H,H,H,A,A,A,A,A,H,A,H,H,H,H,A,A,H,A,H,H,H,A,A,H,H,A,H,H,H
Marker_2_48,2,H,H,A,A,H,H,H,H,A,H,H,H,H,H,A,A,A,A,A,H,A,H,H,H,H,A,A,H,A,H,H,H,A,A,H,H,A,H,H,A
Marker_2_49,2,H,H,A,A,H,H,H,H,A,H,H,H,H,H,A,A,A,A,A,H,A,H,H,H,H,A,A,H,A,H,H,H,A,A,H,H,A,H,NA,A
Marker_2_50,2,H,H,A,A,H,H,H,H,A,H,H,H,A,H,A,A,A,A,A,H,A,H,H,H,H,A,A,H,A,H,H,H,A,A,H,H,A,H,NA,A
Marker_2_51,2,H,H,A,A,H,H,H,H,A,H,H,H,A,H,A,A,A,A,A,H,A,H,H,H,H,A,A,H,A,H,A,H,A,A,H,H,A,H,NA,A
Marker_2_52,2,H,A,A,A,H,H,H,A,A,H,H,H,A,H,A,A,A,A,A,H,A,H,H,H,H,A,A,H,A,H,A,H,A,A,H,H,A,H,NA,A
Marker_2_53,2,H,A,A,A,H,H,H,A,A,H,H,H,A,H,A,A,A,A,A,H,A,H,H,H,H,A,A,H,A,H,A,H,A,A,H,H,A,H,NA,A
Marker_2_54,2,H,A,A,A,H,H,H,A,A,H,H,H,A,H,A,A,A,A,A,H,A,H,H,H,H,A,A,H,A,H,A,H,A,A,H,H,A,H,NA,A
Marker_2_55,2,H,A,A,A,H,H,H,A,A,H,H,H,A,H,A,A,A,A,A,H,A,H,H,H,H,A,A,H,A,H,A,H,A,A,H,H,A,H,NA,A
Marker_2_56,2,H,A,A,A,H,H,H,A,A,H,H,H,A,H,A,A,A,A,A,H,A,H,H,H,H,A,A,H,A,H,A,H,A,A,H,H,A,H,A,A
Marker_2_57,2,H,A,A,A,H,H,H,A,A,H,H,H,A,H,A,A,A,A,A,H,A,H,H,H,H,A,A,H,A,H,A,H,A,A,H,H,A,H,A,A
Marker_2_58,2,H,A,A,A,H,H,H,A,A,H,H,H,A,H,A,A,A,A,A,H,A,H,H,H,H,A,A,H,A,H,A,H,A,A,H,H,A,H,A,A
Marker_2_59,2,H,A,A,A,H,H,H,A,A,H,H,H,A,H,A,A,A,A,A,H,A,H,H,H,H,A,A,H,A,H,A,H,A,H,H,H,A,H,A,A
Marker_2_60,2,H,A,A,A,H,H,H,A,A,H,H,H,A,H,A,A,A,A,A,H,A,H,H,H,H,A,A,H,A,H,A,H,A,H,H,H,A,H,A,A
Marker_2_61,2,H,A,A,A,H,H,H,A,A,H,H,H,A,H,A,A,A,A,A,H,A,H,H,H,H,A,A,H,A,H,A,H,A,H,H,H,A,H,A,A
Marker_2_62,2,H,A,A,A,H,H,H,A,H,H,H,H,A,H,A,A,A,A,A,H,A,H,H,H,H,A,A,H,A,H,A,H,A,H,H,H,A,H,A,A
Marker_2_63,2,H,A,A,A,H,H,H,A,H,H,H,H,A,H,A,A,A,A,A,H,A,H,H,H,H,A,A,H,A,H,A,H,A,H,H,H,A,H,A,A
Marker_2_64,2,H,A,A,A,H,H,H,A,H,H,H,H,A,H,A,A,A,A,A,H,A,H,H,H,H,A,A,H,A,H,A,H,A,H,H,H,A,H,A,A
Marker_2_65,2,H,A,A,A,H,H,H,A,H,H,H,H,A,H,A,A,A,A,A,H,A,H,H,H,H,A,A,H,A,H,A,H,A,H,H,H,A,H,A,A
Marker_2_66,2,H,A,A,A,H,H,H,A,H,H,H,H,A,H,A,A,A,A,A,H,A,H,H,H,A,A,A,H,A,H,A,H,A,H,H,H,A,H,A,A
Marker_2_67,2,H,A,A,A,H,H,H,A,H,H,H,H,A,H,H,A,A,A,A,H,A,H,H,H,A,A,A,H,A,H,A,H,A,H,H,H,A,H,A,A
Marker_2_68,2,H,A,A,A,H,H,H,A,H,H,H,H,A,H,H,A,A,A,A,H,A,H,H,H,A,A,A,H,A,H,A,H,A,H,H,H,A,H,A,A
Marker_2_69,2,H,A,A,A,H,H,H,A,H,H,H,H,A,H,H,A,A,A,A,H,A,H,H,H,A,A,A,H,A,H,A,H,A,H,H,H,A,H,A,A
Marker_2_70,2,H,A,A,A,H,H,H,A,H,H,H,H,A,H,H,A,A,A,A,H,A,H,H,H,A,A,A,H,A,H,A,H,A,H,H,H,A,H,A,A
Marker_2_71,2,H,A,A,A,H,H,H,A,H,H,H,H,A,H,H,A,A,A,A,H,A,H,H,H,A,A,A,H,A,H,A,H,A,H,H,H,A,H,A,A
Marker_2_72,2,H,A,A,A,H,H,H,A,H,H,H,H,A,H,H,A,A,A,A,H,A,H,H,H,A,A,A,H,A,H,A,H,A,H,H,H,A,H,A,A
