marker	position(bp)	RIL_1	RIL_2	RIL_3	RIL_4	RIL_5	RIL_6	RIL_7	RIL_10	RIL_11	RIL_12	RIL_13	RIL_14	RIL_16	RIL_18	RIL_19	RIL_20	RIL_21	RIL_22	RIL_23	RIL_24	RIL_25	RIL_26	RIL_27	RIL_28	RIL_30	RIL_31	RIL_32	RIL_33	RIL_34	RIL_35	RIL_37	RIL_38	RIL_39	RIL_40	RIL_41	RIL_43	RIL_45	RIL_46	RIL_47	RIL_48	RIL_49	RIL_50
SL2.50ch01_13586	13586	b	a	a	-	b	a	b	a	a	a	b	a	b	a	a	b	a	a	b	a	a	b	b	b	b	a	a	b	b	b	a	b	a	-	b	a	h	h	-	a	h	b
SL2.50ch01_36655	36655	b	a	-	a	b	a	b	a	a	a	b	a	b	a	a	b	a	a	-	a	a	b	b	b	b	a	a	b	b	b	a	b	a	b	b	a	-	-	b	-	b	-
SL2.50ch01_40187	40187	b	a	a	a	b	a	b	-	a	a	b	a	b	a	a	b	a	a	b	a	a	b	b	b	b	a	a	b	b	b	a	b	-	b	b	a	-	b	b	a	b	b
SL2.50ch01_43244	43244	b	a	a	a	b	a	b	b	a	a	b	a	b	a	a	b	a	a	b	a	a	b	b	b	b	a	a	b	b	b	a	b	h	b	b	a	b	a	b	a	b	b
SL2.50ch01_57407	57407	b	a	a	a	b	a	b	h	h	a	b	a	b	a	a	a	a	a	b	a	a	b	b	b	b	a	a	b	b	b	a	b	-	b	b	a	a	-	b	a	b	b
SL2.50ch01_57643	57643	b	a	a	a	b	a	b	h	-	a	b	a	b	a	a	b	a	a	b	a	a	b	b	b	b	a	a	b	b	b	a	b	-	b	b	a	a	-	b	a	b	b
SL2.50ch01_58679	58679	b	a	a	a	b	a	b	-	a	a	b	a	b	a	a	b	a	a	b	a	a	b	b	b	b	a	a	b	b	b	a	b	a	b	b	a	a	b	b	a	h	b
SL2.50ch01_94397	94397	b	a	a	a	b	a	b	-	a	a	b	a	b	a	a	b	a	a	b	a	a	b	b	b	b	a	a	b	b	b	a	b	h	b	b	a	a	b	b	a	b	b
SL2.50ch01_95261	95261	b	a	h	a	b	a	b	-	a	a	b	a	b	a	a	b	a	a	b	a	a	b	b	b	b	a	a	b	b	b	a	b	a	b	b	a	a	-	b	a	b	b
SL2.50ch01_96917	96917	b	a	a	a	b	a	b	a	a	a	b	a	b	a	a	b	a	a	b	h	a	b	b	b	b	a	a	b	b	b	a	b	a	b	b	a	a	h	-	a	b	b
SL2.50ch01_106627	106627	b	a	a	a	b	a	b	h	a	a	b	a	b	a	a	b	a	h	b	a	a	b	b	b	b	a	a	b	b	b	a	b	h	b	b	a	a	h	h	a	b	b
SL2.50ch01_106629	106629	b	a	a	a	b	a	b	h	a	a	b	a	b	a	a	b	a	h	b	a	a	b	b	b	b	a	a	b	b	b	a	b	h	b	b	a	a	h	h	a	b	b
SL2.50ch01_106702	106702	b	a	a	a	b	a	b	h	a	a	b	a	b	a	a	b	a	h	b	a	a	b	b	b	b	a	a	b	b	b	a	b	h	b	b	a	a	h	h	a	b	b
SL2.50ch01_109078	109078	b	a	a	a	b	a	b	h	a	a	b	a	b	a	a	b	a	a	b	a	a	b	b	b	b	a	h	b	b	b	a	b	-	b	b	a	a	-	b	a	b	b
SL2.50ch01_112255	112255	b	a	a	a	b	a	b	h	a	a	b	a	b	a	a	b	a	a	b	a	a	b	b	b	b	a	a	b	b	b	a	b	-	b	b	a	a	-	b	a	-	b
SL2.50ch01_130372	130372	b	a	a	a	b	a	b	h	a	a	b	a	b	a	a	b	a	a	b	a	a	b	b	b	b	a	a	b	b	b	a	b	a	b	b	a	a	a	b	a	a	b
SL2.50ch01_132460	132460	b	a	a	a	b	a	b	h	a	a	b	a	b	a	a	b	a	a	b	a	a	b	b	b	b	a	a	b	b	b	a	b	a	b	b	a	a	-	b	a	-	b
SL2.50ch01_138566	138566	b	a	a	a	b	a	b	h	a	a	b	a	b	a	a	b	a	a	b	a	a	b	b	b	b	a	a	b	b	b	a	b	a	b	b	a	a	b	b	a	b	b
SL2.50ch01_162010	162010	b	a	a	a	b	a	b	h	a	a	b	a	b	a	a	b	h	a	b	a	a	b	b	b	b	a	a	b	b	b	a	b	a	b	b	a	a	h	b	a	b	b
SL2.50ch01_175524	175524	b	a	a	a	b	a	b	h	a	a	b	a	b	a	a	b	-	a	b	a	a	b	b	b	b	a	a	b	b	b	a	b	a	b	b	a	a	-	-	a	b	b
SL2.50ch01_182956	182956	b	a	a	a	b	a	b	h	a	a	b	a	b	a	a	b	-	a	b	a	a	b	b	b	b	a	a	b	b	b	a	b	a	a	b	a	a	-	a	a	b	b
SL2.50ch01_183339	183339	b	a	a	a	b	a	b	h	a	a	b	a	b	a	a	b	a	a	b	a	a	b	b	b	b	a	a	b	b	b	a	b	a	-	b	a	a	-	-	a	b	b
SL2.50ch01_187073	187073	b	a	a	a	b	a	b	h	a	a	b	a	b	a	a	b	a	a	b	a	a	b	b	b	b	a	a	b	b	b	a	b	a	b	b	a	a	a	b	a	b	b
SL2.50ch01_267187	267187	b	a	a	a	b	a	b	-	a	a	b	a	b	a	a	b	a	a	b	a	a	b	b	b	b	a	a	b	b	b	a	b	a	b	b	a	a	-	b	a	b	b
SL2.50ch01_306675	306675	b	a	a	a	b	a	b	a	a	a	b	a	b	a	a	b	a	a	b	a	a	b	-	b	b	a	a	b	b	b	a	b	a	b	b	a	a	-	b	a	b	b
SL2.50ch01_316326	316326	b	a	a	a	b	a	b	h	a	a	b	a	b	a	a	b	a	a	b	a	a	b	-	b	b	a	a	b	b	b	a	b	h	b	b	a	a	b	b	a	b	b
SL2.50ch01_316342	316342	b	a	a	a	b	a	b	h	a	a	b	a	b	a	a	h	a	a	b	a	a	b	a	b	b	a	a	b	b	b	a	b	h	b	b	a	a	b	b	a	b	b
SL2.50ch01_316445	316445	b	a	a	a	b	a	b	h	a	a	b	a	b	a	a	b	a	a	b	a	a	b	a	b	b	a	a	b	b	b	a	b	h	b	b	a	a	b	b	a	b	b
SL2.50ch01_324006	324006	b	a	a	a	b	a	b	a	a	a	b	a	b	a	a	b	a	a	b	a	a	b	a	b	b	a	a	-	b	b	a	b	h	b	b	a	a	a	b	a	b	b
SL2.50ch01_351970	351970	b	a	a	a	b	a	b	a	a	a	b	a	b	a	a	b	a	a	b	a	a	b	a	b	h	a	a	-	b	b	a	b	a	a	b	a	a	-	b	a	b	b
SL2.50ch01_356166	356166	b	a	a	a	b	a	b	a	a	a	b	a	b	a	a	b	a	a	b	a	a	b	a	b	b	a	a	a	b	b	a	b	a	-	b	a	a	b	b	a	b	b
SL2.50ch01_359248	359248	b	a	a	a	b	a	b	-	a	a	b	a	b	a	a	b	a	a	b	a	a	b	a	b	b	a	a	a	b	b	a	b	h	b	b	a	a	h	a	a	b	b
SL2.50ch01_359351	359351	b	a	a	a	b	a	b	-	a	a	b	a	b	a	a	b	a	a	b	a	a	b	a	b	b	a	a	a	b	b	a	b	a	b	b	a	a	h	a	a	b	-
SL2.50ch01_359637	359637	b	a	a	a	b	a	b	b	a	a	b	a	b	a	a	b	a	h	b	a	a	b	a	b	b	a	a	a	b	b	a	b	h	b	b	a	a	h	b	a	b	-
SL2.50ch01_389976	389976	b	a	a	a	b	a	b	a	a	a	b	a	b	a	a	b	a	a	b	a	a	b	a	b	b	a	a	a	b	b	a	b	a	b	b	a	a	-	b	a	b	-
SL2.50ch01_400223	400223	b	a	a	a	b	a	b	a	a	a	b	a	b	a	a	b	a	a	b	a	a	b	a	b	b	a	a	a	b	b	a	b	h	b	b	a	a	-	b	a	b	-
SL2.50ch01_437981	437981	b	a	a	a	b	a	b	a	a	a	b	a	b	a	a	b	a	a	b	a	a	b	a	b	b	a	a	a	b	b	h	b	a	b	b	a	a	-	b	a	b	-
SL2.50ch01_452890	452890	b	a	a	a	b	a	b	a	a	a	b	a	b	a	a	b	a	a	b	a	a	b	a	b	b	a	a	a	b	b	a	b	a	b	b	a	a	a	b	a	b	a
SL2.50ch01_465424	465424	b	a	a	a	b	a	b	a	a	a	b	a	b	a	a	b	a	a	b	a	a	b	a	b	b	a	a	a	b	b	a	b	a	b	b	a	a	b	b	a	b	-
SL2.50ch01_472012	472012	b	a	a	a	b	a	b	a	a	a	b	a	b	a	a	b	a	a	b	a	a	b	a	b	b	a	a	a	b	b	a	b	-	b	b	a	a	b	b	a	b	-
SL2.50ch01_472121	472121	b	a	a	a	b	a	b	a	a	a	b	a	b	a	a	b	a	a	b	a	a	b	a	b	b	a	a	a	b	b	a	b	-	b	b	a	a	b	b	a	b	-
SL2.50ch01_493304	493304	b	a	a	a	b	a	b	a	a	a	b	a	b	a	a	b	a	a	b	a	a	b	a	b	b	a	a	a	b	b	a	b	b	b	b	a	a	-	-	a	b	-
SL2.50ch01_500175	500175	b	a	a	a	b	a	b	a	a	a	b	a	b	a	a	b	a	a	b	a	a	b	a	b	h	a	a	a	b	b	a	b	a	b	b	a	a	a	h	a	b	b
SL2.50ch01_501140	501140	b	a	a	a	b	a	b	a	a	a	b	a	b	a	a	b	a	a	b	a	a	b	a	b	b	a	a	a	b	b	a	b	a	b	b	a	a	-	h	a	b	b
SL2.50ch01_505959	505959	b	a	a	a	b	a	b	a	a	a	b	a	b	a	a	b	a	a	b	a	a	b	a	b	b	a	a	a	b	b	a	b	a	b	b	a	a	-	h	a	b	b
SL2.50ch01_506167	506167	b	a	a	a	b	a	b	h	a	a	b	a	b	a	a	b	a	a	b	a	a	b	a	b	b	a	a	a	b	b	a	b	a	b	b	a	a	-	h	a	b	b
SL2.50ch01_511799	511799	b	a	a	a	b	a	b	h	a	a	b	a	b	a	a	b	a	a	b	a	a	b	a	b	b	a	a	a	b	b	a	b	a	b	b	a	a	b	h	a	b	b
SL2.50ch01_514647	514647	b	a	a	a	b	a	b	-	a	a	b	a	b	a	a	b	a	a	b	a	a	b	a	b	b	a	a	a	b	b	a	b	a	b	b	a	a	h	h	a	b	b
SL2.50ch01_514822	514822	b	a	a	a	b	a	b	b	a	a	b	a	b	a	a	b	a	a	b	a	a	b	a	b	b	a	a	a	b	b	a	b	a	b	b	a	a	h	h	a	b	b
SL2.50ch01_514845	514845	b	a	a	a	b	a	b	b	a	a	b	a	b	a	a	b	a	a	b	a	a	b	a	b	b	a	a	a	b	b	a	b	a	b	b	a	a	h	b	a	b	b
SL2.50ch01_521103	521103	b	a	a	a	b	a	b	a	a	a	b	a	b	a	a	b	a	a	b	a	a	b	a	b	b	a	a	a	b	b	a	b	a	b	b	a	a	-	b	a	-	b
SL2.50ch01_521188	521188	b	a	a	a	b	a	b	a	a	a	b	a	b	a	a	b	a	a	b	a	a	b	a	b	b	a	a	a	b	b	a	b	a	b	b	a	a	-	b	a	-	b
SL2.50ch01_521423	521423	b	a	a	a	b	a	b	h	a	a	b	a	b	a	a	b	a	a	b	a	a	b	a	b	b	a	a	a	b	b	a	b	-	b	b	a	a	a	b	a	-	b
SL2.50ch01_537347	537347	b	a	a	a	b	a	b	a	a	a	b	a	b	a	a	b	a	a	b	-	a	b	a	b	b	a	a	a	b	b	a	b	h	b	b	a	a	h	b	a	h	b
SL2.50ch01_537503	537503	b	a	a	a	b	a	b	a	a	a	b	a	b	a	a	b	a	a	b	b	a	b	a	b	b	a	a	a	b	b	a	b	h	b	b	a	a	h	b	a	b	b
SL2.50ch01_537538	537538	b	a	a	a	b	a	b	a	a	a	b	a	b	a	a	b	a	a	b	a	a	b	a	b	b	a	a	a	b	b	a	b	h	b	b	a	a	h	b	a	b	b
SL2.50ch01_541692	541692	b	a	a	a	b	a	b	h	a	a	b	a	b	a	a	b	a	a	h	a	a	b	a	b	b	a	a	a	b	b	a	b	-	b	b	a	a	b	b	a	b	b
SL2.50ch01_542133	542133	b	a	a	a	b	a	b	a	a	a	b	a	b	a	a	b	a	a	b	a	a	b	a	b	b	a	a	a	b	b	a	b	a	b	b	a	a	h	b	a	b	b
SL2.50ch01_544918	544918	b	a	a	a	b	a	b	a	a	a	b	a	b	a	a	b	a	a	b	a	a	b	a	b	b	a	a	a	b	b	a	b	a	b	b	a	a	a	b	a	b	b
SL2.50ch01_545778	545778	b	a	a	a	b	a	b	h	a	a	b	a	b	a	a	b	a	a	b	a	a	b	a	b	b	a	a	a	b	b	a	b	h	b	b	a	a	a	b	a	b	b
SL2.50ch01_545804	545804	b	a	a	a	b	a	b	h	a	a	b	a	b	a	a	b	a	a	b	a	a	b	a	b	b	a	a	a	b	b	a	b	h	b	b	a	a	a	b	a	b	b
SL2.50ch01_547433	547433	b	a	a	a	b	a	b	h	a	a	b	a	b	a	a	b	a	a	b	a	a	b	a	b	b	a	a	a	b	b	a	b	h	b	b	a	a	a	b	a	b	b
SL2.50ch01_548497	548497	b	a	a	a	b	a	b	-	a	a	b	a	b	a	a	b	a	a	b	a	a	b	a	b	b	a	a	a	b	b	a	b	a	b	b	a	a	a	b	a	b	b
SL2.50ch01_549305	549305	b	a	a	a	b	a	b	-	a	a	b	a	b	a	a	b	a	a	b	a	a	b	a	b	b	a	a	a	b	b	a	b	a	b	b	a	a	a	b	a	b	b
SL2.50ch01_554408	554408	b	a	a	a	b	a	b	-	a	a	b	a	b	a	a	b	a	a	-	a	a	b	a	b	b	a	a	a	b	b	a	b	a	b	b	a	a	a	-	a	-	b
SL2.50ch01_554489	554489	b	a	a	a	b	a	b	b	a	a	b	a	b	a	a	b	a	a	a	a	a	b	a	b	b	a	a	a	b	b	a	b	a	b	b	a	a	a	-	a	-	b
SL2.50ch01_554532	554532	b	a	a	a	b	a	b	-	a	a	b	a	b	a	a	b	a	a	-	a	a	b	a	b	b	a	a	a	b	b	a	b	a	b	b	a	a	a	-	a	-	b
SL2.50ch01_572239	572239	b	a	a	a	b	a	b	-	a	a	b	a	b	a	a	b	a	a	-	a	a	b	a	b	b	a	a	a	b	b	a	b	a	b	b	a	a	a	h	a	a	b
SL2.50ch01_572459	572459	b	a	a	a	b	a	b	-	a	a	b	a	b	a	a	b	a	a	b	a	a	b	a	b	b	a	a	a	b	b	a	b	a	b	b	a	a	a	h	a	-	b
SL2.50ch01_572857	572857	b	a	a	a	b	a	b	h	a	a	b	a	b	a	a	b	a	a	b	a	a	b	a	b	b	a	a	a	b	b	a	b	a	b	b	a	a	a	b	a	h	b
SL2.50ch01_585421	585421	b	a	a	a	b	a	b	h	a	a	b	a	b	a	a	b	a	a	b	a	a	b	a	b	b	b	a	a	b	b	a	b	-	b	b	a	a	b	b	a	-	b
SL2.50ch01_595218	595218	b	a	a	a	b	a	b	h	a	a	b	a	b	a	a	b	a	a	b	a	a	b	a	b	b	a	a	a	b	b	a	b	-	b	b	a	a	a	b	a	-	b
SL2.50ch01_595768	595768	b	a	a	a	b	a	b	a	a	a	b	a	b	a	a	b	a	a	b	a	a	b	a	b	b	a	a	a	b	b	a	b	h	b	b	a	a	-	b	a	-	b
SL2.50ch01_595933	595933	b	a	a	a	b	a	b	a	a	a	b	a	b	a	a	b	a	a	b	a	a	b	a	b	b	a	a	a	b	b	a	b	h	b	b	h	a	-	b	a	-	b
SL2.50ch01_603586	603586	b	a	a	a	b	a	b	a	a	a	b	a	b	a	a	b	a	a	b	a	a	b	a	b	b	a	a	a	b	b	a	b	h	b	b	-	a	b	b	a	b	b
SL2.50ch01_603896	603896	b	a	a	a	b	a	b	a	a	a	b	a	b	a	a	b	a	a	b	a	a	b	a	b	b	a	a	a	b	b	a	b	a	b	b	a	a	b	b	a	a	b
SL2.50ch01_603954	603954	b	a	a	a	b	a	b	a	a	a	b	a	b	a	a	b	a	a	b	a	a	b	a	h	b	a	a	a	b	b	a	b	a	b	b	a	a	b	b	a	a	b
SL2.50ch01_615101	615101	b	a	a	b	b	a	b	h	a	a	b	a	b	a	a	b	a	a	b	a	a	b	a	b	b	a	a	a	b	b	a	b	a	b	b	a	a	b	b	a	b	b
SL2.50ch01_627540	627540	b	a	a	a	b	a	b	a	a	a	b	a	b	a	a	b	a	a	b	a	a	b	a	b	b	a	a	a	b	b	a	b	a	b	b	a	a	b	b	a	b	b
SL2.50ch01_645645	645645	b	a	a	a	b	a	b	h	a	a	b	a	b	a	a	b	a	a	b	a	a	b	a	b	b	a	a	a	b	b	a	b	h	b	b	a	a	b	h	a	b	b
SL2.50ch01_647071	647071	b	a	h	a	b	a	b	-	a	a	b	a	b	a	a	b	a	a	b	a	a	b	a	b	b	a	a	a	b	b	a	b	a	b	b	a	a	h	h	a	b	b
SL2.50ch01_676470	676470	b	a	h	a	b	a	b	a	a	a	b	a	b	a	a	b	a	a	a	a	a	b	a	b	b	a	a	a	b	b	a	b	a	b	b	a	a	-	-	a	b	b
SL2.50ch01_687288	687288	b	a	-	a	b	a	b	-	a	a	-	a	b	a	a	b	a	a	a	a	a	b	a	b	b	a	a	a	b	b	a	b	a	b	b	a	a	-	-	a	b	b
SL2.50ch01_688208	688208	b	a	a	a	b	a	b	h	a	a	h	a	b	a	a	b	a	a	a	a	a	b	a	b	b	a	a	a	b	b	a	b	b	b	b	a	a	b	b	a	b	b
SL2.50ch01_692521	692521	b	a	a	b	b	a	b	h	a	a	b	a	b	a	a	b	a	a	a	a	a	b	a	b	b	a	a	a	b	b	a	b	a	b	b	a	a	-	b	a	b	b
SL2.50ch01_706875	706875	b	a	a	-	b	a	b	h	a	a	b	a	b	a	a	b	a	a	a	a	a	b	a	b	b	a	a	a	b	b	a	b	a	b	b	a	h	-	b	a	b	b
SL2.50ch01_720689	720689	b	a	a	-	b	a	b	h	a	a	b	a	b	a	a	b	a	a	a	a	a	b	a	b	b	a	a	a	b	b	a	b	a	b	b	a	-	-	b	a	b	b
SL2.50ch01_734621	734621	b	a	a	a	b	a	b	h	a	a	b	a	b	a	a	b	a	a	a	a	a	b	a	b	b	a	a	a	b	b	a	b	a	b	b	a	-	-	b	a	-	b
SL2.50ch01_747297	747297	b	a	a	a	b	a	b	a	a	a	b	a	b	a	a	b	a	a	a	a	a	b	a	b	b	a	a	a	b	b	a	b	a	b	b	a	a	a	b	a	-	b
SL2.50ch01_760860	760860	b	a	a	a	b	a	b	-	a	a	b	a	b	a	a	b	a	a	a	a	a	b	a	b	b	a	a	a	b	b	a	b	a	b	b	a	a	b	-	a	a	b
SL2.50ch01_773823	773823	b	a	a	a	b	a	b	b	a	a	b	a	b	a	a	b	a	a	a	a	a	b	a	b	b	a	a	a	b	b	a	b	a	b	b	a	a	h	h	a	-	b
SL2.50ch01_779051	779051	b	a	a	a	b	a	b	h	a	a	b	a	b	a	a	b	a	a	a	a	a	b	a	b	b	a	a	a	b	b	a	b	a	b	b	a	a	a	b	a	-	b
SL2.50ch01_792519	792519	b	a	a	a	b	a	b	h	a	a	b	a	b	a	a	b	a	a	a	a	a	b	a	b	b	a	a	a	b	b	a	b	a	b	b	a	a	b	b	a	b	b
SL2.50ch01_796510	796510	b	a	a	a	b	a	b	h	a	a	b	a	b	a	a	b	a	a	a	a	a	b	a	b	b	a	a	a	b	b	a	b	a	b	b	a	a	b	h	a	b	b
SL2.50ch01_801222	801222	b	a	a	a	b	a	b	a	a	a	b	a	b	a	a	b	a	a	a	a	a	b	a	b	b	a	a	a	b	b	a	b	a	b	b	a	a	b	b	a	-	b
SL2.50ch01_806499	806499	b	a	a	a	b	a	b	a	a	a	b	a	b	a	a	b	a	a	a	a	a	b	a	b	b	a	a	a	b	b	a	b	h	b	b	a	a	h	h	a	h	b
SL2.50ch01_806566	806566	b	a	a	a	b	a	b	a	a	a	b	a	b	a	a	b	a	a	a	a	a	b	a	b	b	a	a	a	b	b	a	b	a	b	b	a	a	a	h	a	a	b
SL2.50ch01_807008	807008	b	a	a	a	b	a	b	h	a	a	b	a	b	a	a	b	a	a	a	a	a	b	a	b	b	a	a	a	b	b	a	b	a	b	b	a	a	a	h	a	b	b
SL2.50ch01_832112	832112	b	a	a	a	b	a	b	a	a	a	b	a	b	a	a	b	a	a	a	a	a	b	a	b	b	a	a	a	b	b	a	b	b	b	b	a	a	a	h	a	h	b
SL2.50ch01_840160	840160	b	a	a	a	b	a	b	-	a	a	b	a	b	a	a	b	a	a	a	a	a	b	a	b	b	a	a	a	b	b	a	b	a	b	b	a	a	a	b	a	b	b
SL2.50ch01_848543	848543	b	a	a	a	b	a	b	b	a	a	b	a	b	a	a	b	a	a	a	a	a	b	a	b	b	a	a	a	b	b	a	b	a	b	b	a	a	a	h	a	h	b
SL2.50ch01_848694	848694	b	a	a	a	b	a	b	b	a	a	b	a	b	a	a	b	a	a	a	a	a	b	a	b	b	a	a	a	b	b	a	b	a	b	b	a	a	a	b	a	h	b
SL2.50ch01_858285	858285	b	a	h	a	b	a	b	a	a	a	b	a	b	a	a	b	a	a	a	a	a	b	a	b	b	a	a	a	b	b	a	b	h	b	b	a	a	h	b	a	b	b
SL2.50ch01_863477	863477	b	a	-	a	b	a	b	a	a	a	b	a	b	a	a	b	a	a	a	a	a	b	a	b	b	a	a	a	b	b	a	b	a	b	b	a	a	a	b	a	b	b
SL2.50ch01_869553	869553	b	a	-	a	b	a	b	h	a	a	b	a	b	a	a	b	a	a	a	a	a	b	a	b	b	a	a	a	b	b	a	b	a	b	b	a	a	-	h	a	h	b
SL2.50ch01_869734	869734	b	a	-	a	b	a	b	h	a	a	b	a	b	a	a	b	a	a	a	a	a	b	a	b	b	a	a	a	b	b	a	b	a	b	b	a	a	-	h	a	a	b
SL2.50ch01_886144	886144	b	a	-	a	b	a	b	-	a	a	b	a	b	a	a	b	a	a	a	a	a	b	a	b	b	h	a	a	b	b	a	b	a	b	b	a	a	-	-	a	b	b
SL2.50ch01_886163	886163	b	a	-	a	b	a	b	b	a	a	b	a	b	a	a	b	a	a	a	a	a	b	a	b	b	a	a	a	b	b	a	b	a	b	b	a	a	-	-	a	b	b
SL2.50ch01_890273	890273	b	a	a	a	b	a	b	-	a	a	b	a	b	a	a	b	a	a	a	a	a	b	a	b	b	a	a	a	b	b	a	b	a	b	b	a	a	b	b	a	-	b
SL2.50ch01_890313	890313	b	a	a	a	b	a	b	-	a	a	b	a	b	a	a	b	a	a	a	a	a	b	a	b	b	a	a	a	b	b	a	b	a	b	b	a	a	b	b	a	-	b
SL2.50ch01_892448	892448	b	a	a	a	b	a	b	h	a	a	b	a	b	a	a	b	a	a	a	a	a	b	a	b	b	a	a	a	b	b	a	b	h	b	b	a	a	b	b	a	-	b
SL2.50ch01_903544	903544	b	a	h	a	b	a	b	-	a	a	b	a	b	a	a	b	a	a	a	a	a	b	a	b	b	a	a	a	b	b	a	b	a	b	b	a	a	-	b	a	-	b
SL2.50ch01_945089	945089	b	a	-	a	b	a	b	a	a	a	b	a	b	a	a	b	a	h	a	a	a	b	a	b	b	a	a	a	b	b	a	b	h	b	b	a	h	a	h	a	-	b
SL2.50ch01_946940	946940	b	a	a	a	b	a	b	b	a	a	b	a	b	a	a	b	a	a	a	a	a	b	a	b	b	a	a	a	b	b	a	b	a	b	b	a	b	-	b	a	h	b
SL2.50ch01_951133	951133	b	a	a	a	b	a	b	b	a	a	b	a	b	a	a	b	a	a	a	a	a	b	a	b	b	a	a	a	b	b	a	b	a	b	b	a	b	b	b	a	b	b
SL2.50ch01_955974	955974	b	a	a	a	b	a	b	b	a	a	b	a	b	a	a	b	a	a	a	a	a	b	a	b	b	a	a	a	b	b	a	b	a	b	b	a	a	a	b	a	b	b
SL2.50ch01_980264	980264	b	a	a	a	b	a	b	-	a	a	b	a	b	a	a	b	a	a	a	a	a	b	a	b	b	a	a	a	b	b	a	b	a	b	b	a	a	-	h	a	b	b
SL2.50ch01_1003236	1003236	b	a	a	a	b	a	-	-	a	a	b	a	b	a	a	b	a	a	a	a	a	b	a	b	b	a	a	a	b	b	a	b	a	b	b	a	-	-	-	a	b	b
SL2.50ch01_1008563	1008563	b	a	a	a	b	a	h	h	a	a	b	a	b	a	a	b	a	a	a	a	a	b	a	b	b	a	a	a	b	b	a	b	h	b	b	a	h	-	b	a	b	b
